,academy_name,title,local,subject,start_date,end_date
0,정상어학원 성동분원,어학원 초중선생님 및 사무직원  초빙,서울 성동구,영어,09.13,09.18
1,삼광학원,급구: 초등부 영어/고등부영어/중등부수학 선생님을 모십니다.,경기 의정부,영어,09.13,10.02
2,하이퍼리뷰학원,대치동 하이퍼리뷰학원. 국어 고등부/재수생 강사 모집,서울 강남구,국어,09.13,09.27
3,마테마타수학학원,[초등부] 연 3000이상 보장,경기 고양시,수학,09.13,09.25
4,유라영어학원,광명시 철산동 영어전문학원 입니다~~~~~^^!!.,경기 광명시,영어,09.13,채용시
5,매쓰블릭수학학원,초중등부 수학 전임선생님을 모십니다.,인천 부평구,수학,09.13,09.26
6,백선화수학학원,열정적인 초중등부/중고등부 선생님을 모십니다주5일 가능),경기 성남시,수학,09.13,10.13
7,오세용 어학원,초중등부 영어선생님(전임/주5일 근무),서울 송파구,영어,09.13,10.06
8,강한수학학원,중등부 화목토 파트 수학선생님을 모십니다.,경기 남양주,수학,09.13,10.13
9,나무아카데미,"2021년도 수능, 내신 집필진 모집 (국어 내근)",서울 강남구,국어,09.13,09.23
10,수학의힘 강동 본원,영어 수학 선생님을 모십니다,서울 강동구,영어,09.13,채용시
11,뉴욕센트럴영어학원,김포 고촌 뉴욕센트럴영어학원 초중등 강사 모집,경기 김포시,영어,09.13,09.16
12,김정은 수학,김정은수학 더퍼스트 영등포 신길관 수학강사 모집,서울 영등포,수학,09.13,10.09
13,엠케이수학,중등~고1 영어 선생님 모십니다,서울 강북구,영어,09.13,10.13
14,필탑학원,수학(중3~고2.주5일)전임.초빙,서울 구로구,수학,09.13,채용시
15,일공구오국어학원,가온국어 논술 학원에서 중등부 선생님을 모십니다.,서울 광진구,국어,09.13,10.01
16,황은영국어 2관,동탄 중고등부 국어 과학 선생님 모십니다,경기 화성시,국어,09.13,10.12
17,온새미로입시학원,국어. 영어.수학  선생님을 모집합니다.,경기 파주시,국어,09.13,10.13
18,아이필학원,중고등 국어강사 모십니다,인천 계양구,국어,09.13,10.13
19,대두수학학원,국어 강사님을 모십니다.,경기 성남시,국어,09.13,채용시
20,김샘수학&유베스타어학원,연수UbestA영어학원 초중등부영어선생님 모십니다.,인천 연수구,영어,09.13,10.13
21,신수학영어학원,열정으로 가득하신 고등부 영어 파트 선생님 모십니다^^,인천 남동구,영어,09.13,채용시
22,고대수학원,"고대수학원 중고등전임1명,초등월수금,화목파트1명 모집",인천 연수구,수학,09.13,10.13
23,와이즈만영재교육 잠실센...,실험 과학 및 사고력 수학 선생님과 데스크 선생님을 모십니다.,서울 송파구,수학,09.13,채용시
24,Julie 영어수학,초중등 영어 선생님 모십니다. 어학원 경력자 우대,서울 중랑구,영어,09.13,10.13
25,주식회사 교연학원/LFA키...,중/고등 영어.수학.국어 선생님 모십니다^^,인천 서구,영어,09.13,10.08
26,탑 고려보습학원,[광진구] [월수금] 중1 수학 선생님 모십니다.,서울 광진구,수학,09.13,09.20
27,강북 세일학원,(중등부) 수학 선생님을 모십니다,서울 성북구,수학,09.13,채용시
28,채움학원,[경기 부천시] [전임] [월~토] [중1~고2 영어],경기 부천시,영어,09.13,채용시
29,대학입시외국어학원,단과!열정!초중 관리자 중고 영/수/과학샘 /전문경영인 환영,경기 시흥시,영어,09.13,10.10
30,sky미래연수학학원,"(중계동)SKY미래연수학학원 중등부, 고등부 강사 모집",서울 노원구,수학,09.13,채용시
31,대원학원,"[목동] 수학전문학원 수학 전임강사, 상담실장님 구인합니다.",서울 양천구,수학,09.13,채용시
32,목동ILS,초등부 교수부장 구합니다,서울 양천구,영어,09.13,09.20
33,엘제이엠수학원,"[양천구] 초,중 수학전임 선생님 모집합니다!!!",서울 양천구,수학,09.13,10.10
34,미래듀학원,중고등부  영어 강사 모집,인천 연수구,영어,09.13,10.13
35,수학보호구역,"[인천 청라] 중등, 고등 수학선생님을 모집합니다",인천 서구,수학,09.13,채용시
36,(주)다원교육,수학의 바이블 이창희 원장과 함께하는 The 다원수학 강사채용,서울 강남구,수학,09.13,채용시
37,선진수학보습학원,부천(상동) 중고 수학 전임 여 선생님 모십니다.,경기 부천시,수학,09.13,채용시
38,탑지성학원,하반기.초중등부 영어강사모집.세류동,경기 수원시,영어,09.13,09.20
39,관악뉴스터디,초중등부 수학전임 선생님 모십니다,서울 관악구,수학,09.13,10.13
40,본수학전문학원,관리력 좋으신 고등 수학 전임선생님 450이상 모십니다!,서울 구로구,수학,09.13,10.13
41,에스엠에듀,고등영어 전임  선생님 모십니다.,인천 남동구,수학,09.13,채용시
42,탑씨크리트 교육,충남  천안 아산 일등학원에서 초중고 선생님을 모십니다,충남 천안시,국어,09.13,채용시
43,CSJ영어학원,"대치동 CSJ 영어학원 - 월화목금 영어강사 (초,중,고)",서울 강남구,영어,09.13,10.01
44,EiE비상매스캔학원,영어로만 수업가능한 선생님(월수금) 모집,서울 강남구,영어,09.13,10.13
45,솔로몬 영재학원,초/중 영어 선생님 모십니다,인천 서구,영어,09.13,10.13
46,텔레오입시전문학원,중등 수학강사 및 학생부컨설턴트(사탐/논술 경험자) 채용!,서울 강남구,사회계열,09.13,09.29
47,정진학원,대입전문 MK정진학원 고등부 영어 / 수학 강사 모집,경기 수원시,수학,09.13,채용시
48,(주)매쓰홀릭,학원 대상 온라인 수학 학습 서비스 운영 컨설턴트 채용,서울 서초구,수학,09.13,채용시
49,지앤비국제사관어학원,중 .고등부  영어 강사 (경력) 모집합니다,서울 은평구,영어,09.13,10.13
50,수타민 수학학원,성실하신 수학선생님 모십니다.,인천 부평구,수학,09.13,10.07
51,청라 드림교육센터,"[ 드림 영,수학원 ] 영어,수학 강사 모집(파트.전임, 매니저)",인천 서구,영어,09.13,10.06
52,이엠학원,중등부 수학선생님(주5일) 모십니다,서울 동작구,수학,09.13,채용시
53,더완벽한수학학원,"초등 월, 수, 금  선생님 모십니다.",경기 김포시,수학,09.13,채용시
54,한강와이즈만영재교육학원,한강와이즈만에서 초등 사고력수학선생님을 모십니다.,경기 김포시,수학,09.13,10.09
55,ILKI어학원,2021 ILKI어학원 오전 영어유치부 내국인 담임강사,경기 남양주,영어,09.13,채용시
56,YBM 교육 어학원,어학원 초중등 전임강사 및 채점 보조교사 (용인시 기흥구),경기 용인시,영어,09.13,채용시
57,유베스트학원,인천 국어 선생님 꼭 봐주세요!,인천 서구,국어,09.13,10.10
58,동화세상 에듀코,화상 전화영어 강사를 모십니다,서울 동대문,영어,09.13,채용시
59,그루영어,교포/원어민 position 모집 - 초등부,서울 서초구,영어,09.13,10.12
60,YBM교육,[YBM교육] 1:1 영어/수학 과외 교사 채용(구리시),경기 구리시,영어,09.13,09.24
61,에듀코,코로나없이 전국재택수업근무 비대면 화상수업 국어영어수학과학,서울 동대문,국어,09.13,채용시
62,센트럴1리딩클럽풍무학원,영어 교사 구합니다,경기 김포시,영어,09.13,10.13
63,생각하는 황소 화정,생각하는 황소 고양시 화정 수학학원 수학강사및 자습실지도교사,경기 고양시,수학,09.13,10.11
64,청어람국어 입시학원,중고등부 국어 선생님 모십니다.,경기 부천시,국어,09.13,09.20
65,고대수학학원,"목동 초,중,고등 수학 전임선생님 구합니다.",서울 양천구,수학,09.13,10.01
66,오롬수학학원,초등/중등 수학 전임 및 파트 강사 채용,경기 남양주,수학,09.13,09.25
67,맥영수전문학원,"[병점,동탄] 화이팅넘치는  영어 수학 선생님 모십니다!",경기 화성시,수학,09.13,10.07
68,한수위국어학원,"화성 동탄) 중등1, 2학년  주말 파트(토,일) 주1회 또는 주2회",경기 화성시,국어,09.13,09.25
69,주식회사 포스에듀,"[수지] 중,고등 영어선생님 모집",경기 용인시,영어,09.13,09.29
70,전문가집단,전문가집단에서 중고등부 수학 강사님을 모십니다 노원구 중계동,서울 노원구,수학,09.13,10.07
71,스터디온학원,동탄2 호수공원 수학  초중등부 여자 선생님 모십니다.,경기 화성시,수학,09.13,채용시
72,이산국어 논술 학원,동탄 이산국어전문학원에서 중.고등 선생님을 모십니다.,경기 화성시,국어,09.13,채용시
73,종로엠스쿨학원,오산 종로엠스쿨 수학 강사 모집 (전임/파트),경기 오산시,수학,09.13,09.29
74,TNC수학원,잠실TNC수학원 [초등부/중등부 수학선생님],서울 송파구,수학,09.13,10.06
75,미래인재학원,"고등 영어/수학 전임 모십니다 (월급 400~450, 기간 후 비율제",경기 양주시,영어,09.13,10.13
76,구조분석영어학원,**중등부/중고등부 영어 강사님을 파트/전임 모십니다**,서울 마포구,영어,09.13,09.15
77,김영화영어학원,"실력있는 중, 고등부선생님 모십니다 (파트)",경기 고양시,영어,09.12,채용시
78,유투엠수학학원,"[광명시] 수학선생님,보조선생님 모십니다",경기 광명시,수학,09.12,09.21
79,윤선생igse여주가남학원,고등 영어 선생님을 초빙합니다.,경기 여주시,영어,09.12,10.12
80,김지민영어학원,김지민 영어학원 - 고등부 강사 모집,서울 노원구,영어,09.12,09.27
81,탑클래스종합학원,[인천 서구 가좌동]초중등부 수학 선생님 모십니다.,인천 서구,수학,09.12,10.12
82,엠앤이학원,수학 및  관리급 선생님 구인,경기 안산시,수학,09.12,10.12
83,제이포커스잉글리쉬,J.Focus English 초/중/고등부 강사/상담관리 직원 모집,서울 서초구,영어,09.12,10.12
84,프렌잉글리시 &차이랑 일...,Native speaker 원어민 강사를 모십니다.,경기 고양시,영어회화/텝스/토플,09.12,채용시
85,스카이(SKY)영수학원,영어 전임선생님을 구합니다.,부산 강서구,영어,09.12,채용시
86,진명학원,고등부 수학 전임강사 모집합니다.,서울 관악구,수학,09.12,09.19
87,동화세상에듀코,"온라인면접/ 팬데믹 시대, 온라인강의 도전해보세요 전공 무관",서울 동대문,수학,09.12,09.17
88,(주)동화세상에듀코,[전국]영어 수학 국어 과학 온라인수업 및 학원강사모집,대구 남구,방문학습지,09.12,10.11
89,제스(J.E.S)영어학원,[제스(J.E.S) 어학원] 초중등 영어 전임 강사 모집 (송파/급구),서울 송파구,영어,09.12,10.02
90,파머스영어능동캠퍼스학원,영어도서관 선생님-영어선생님 모집,경기 화성시,영어,09.12,10.12
91,TE MATH,TE STUDY 국어 영어 수학 강사 충원,충남 천안시,국어,09.12,채용시
92,이원수학학원,철산역의 이원수학에서 함께하실 선생님을 모십니다.,경기 광명시,수학,09.12,09.30
93,도봉 강태우어학원,고등부 국어 비율제 선생님- 서울  강태우고등관,서울 도봉구,국어,09.11,채용시
94,윤선생 IGSE,밝고 성실한 영어선생님 모십니다(월수금),서울 동작구,영어,09.11,10.11
95,겨자씨의꿈,"중등국어/초중등 독서지도(전임,파트) 강사 채용",경기 고양시,국어,09.11,09.26
96,매스토크,고등 수학 선생님 모십니다,서울 마포구,수학,09.11,채용시
97,자유자재학원 알파관,[중계동 자유자재학원 알파관] 고등부 수학강사 모집,서울 노원구,수학,09.11,10.11
98,페르마수학학원 성북캠퍼...,초/중/고 수학 강사,서울 성북구,수학,09.11,10.11
99,세계로학원,수학(초/중) 강사모집,서울 강서구,수학,09.11,09.26
100,대치스터디,"과외강사 모집(수학,영어,국어 - 서울 및 경기도 전역",서울 강남구,수학,09.11,10.11
101,더매쓰수학전문,초등수학교육 지도교사 모집,서울 마포구,수학,09.11,채용시
102,개념폴리아학원 서초관,"서초,잠실,베트남 수학강사,상담직 모집",서울 서초구,수학,09.11,09.22
103,미래엔 사고력수학,미래엔 아담리즈 사고력 수학학원에서 선생님을 모십니다,경기 성남시,수학,09.11,채용시
104,공주쌤수학학원,[길음뉴타운] 수학 초중등 전임 선생님 모십니다.,서울 성북구,수학,09.11,채용시
105,엘리하이어학원,영어강사/전임/파트/초등영어/죽전/보정동,경기 용인시,영어,09.11,채용시
106,이엠학원,☆ 박달이엠학원-중등부 영어/수학 선생님을 모십니다 ★,경기 안양시,영어,09.11,채용시
107,수학의시선,중등부 수학 강사 모집 (월수금 파트),경기 안양시,수학,09.10,09.17
108,YBM잉글루,초 중등 수학선생님을 모십니다.(월수금 파트),서울 노원구,수학,09.10,09.30
109,강서펜타곤학원,수학/영어 초.중.고 선생님을 채용합니다.,서울 강서구,수학,09.10,09.25
110,올인학원,중등부 영어파트 선생님 구합니다.,인천 서구,영어,09.10,채용시
111,시매쓰 오산센터,시매쓰 오산센터에서 신규/경력 강사를 모집합니다.,경기 고양시,수학,09.10,10.10
112,핵수학보습학원,중/고등 전임 선생님 한분 모집합니다.,서울 송파구,수학,09.10,09.17
113,파워영재학원,"유아 국어,수학 강사 모집합니다.",서울 강남구,수학,09.10,09.17
114,프로매쓰(꽃피는수학),수지상현동 수학학원(주5일)-초중,경기 용인시,수학,09.10,10.06
115,연세학원,[단과]평택연세학원 수학강사 채용,경기 평택시,수학,09.10,10.10
116,비트영어학원,[노원/중계] 고등부 영어과 전임 및 파트 강사 모집,서울 노원구,영어,09.10,10.02
117,TS학원,용인 수지 중고등 영어강사 채용합니다,경기 용인시,영어,09.10,10.03
118,수도보습학원,[금천구 독산동] 초등부/중등부 영어 전임강사 모집,서울 금천구,영어,09.10,채용시
119,Summit 영어,초*중등 영어 학원의 비젼을 같이 할  파트 강사님 모심,경기 성남시,영어,09.10,채용시
120,제이엠아이수학학원,(분당 야탑) JMI 수학학원 중등부 수학선생님을 모집합니다,경기 성남시,수학,09.10,10.09
121,고석용현탑학원,[대치동]고석용현탑 국/영/수/과탐 강사 모집,서울 강남구,수학,09.10,10.10
122,지피지기학원,"수학, 과학 중고등부 파트 강사 구합니다",서울 영등포,수학,09.10,채용시
123,퀸즈어학원,초중고선생님 모십니다.,인천 남동구,영어,09.10,09.15
124,게이트 영재센터,수학/과학 선생님 모십니다,경기 용인시,수학,09.10,10.10
125,하이스트 금천,하이스트와 함께 성장할 유능한 강사님을 초빙합니다,서울 금천구,국어,09.10,10.10
126,SM에듀,sm에듀와 함께 성장할 강사님 모십니다.,서울 강남구,수학,09.10,채용시
127,이지베스트학원,열정 가득한 초등 수학/중고등 영어 선생님 모집(이지베스트학원,경기 고양시,수학,09.10,10.08
128,종로학원 하늘교육,"[교사모집] 종로학원하늘교육 유아,초,중,고 과외식방문수업",경기 수원시,수학,09.10,10.02
129,국풍2000 석촌관,"국풍2000석촌관에서 중,고등부 국어 선생님을 모십니다.",서울 송파구,국어,09.10,10.10
130,에스클래스영어전문학원,"중등부  주4일/주5일 전임샘을 모십니다,",서울 서대문,영어,09.10,09.25
131,에스학원,[에스학원] 수학/영어/국어/과탐/사탐/상담실장님을 모십니다.,서울 강남구,수학,09.10,09.15
132,성북종로학원,성북종로학원 재학생관에서 중등국어 파트강사를 모십니다.,서울 성북구,국어,09.10,09.30
133,정현석 수학명가 학원,중고등부 수학 숨은 실력자를 찾습니다.,서울 송파구,수학,09.10,10.06
134,금오민족사관학원,민족사관학원에서 선생님을 모십니다.,경기 의정부,국어,09.10,10.10
135,보스턴영어수학학원,"초중등 수학선생님 모십니다(화,목요일)",경기 고양시,수학,09.10,채용시
136,가온국악보습학원,고등부 국어 여선생님 구합니다,서울 강남구,국어,09.10,10.10
137,PTM영수전문학원,청라 PTM학원 중등 수학 선생님 모십니다.,인천 서구,수학,09.10,10.10
138,메사인재관학원,대치동 중등학원에서 함께하실 성실한 강사를 모십니다!,서울 강남구,수학,09.10,10.10
139,현수학전문학원,열정 넘치는 선생님 모십니다.,인천 서구,수학,09.10,10.10
140,메타어학원,"초,중등 영어 강사 채용(파트타임)",경기 군포시,영어,09.10,채용시
141,밀당영어,"밀당수학 대규모 채용, 수학 온택트 선생님(학습관리자)",서울 마포구,수학,09.10,채용시
142,윤선생IGSE아카데미양산가...,초중등 수학학원 강사님 모십니다.,경남 양산시,수학,09.10,채용시
143,가온국어논술학원,[국어] 중등 전임 강사님을 모십니다.,서울 동대문,국어,09.10,10.08
144,생각하는황소광진학원,생각하는황소 수학 중등 교사. 자습교사(강동.광진),서울 광진구,수학,09.10,채용시
145,리딩타운어학원&셀파수학,계양구 정규직 영어선생님을 모십니다!!,인천 계양구,영어,09.10,09.25
146,비욘드잉글리쉬 송도랜드...,비욘드잉글리쉬 부천 상동 캠퍼스 초등 전임 선생님 모십니다.,경기 부천시,영어,09.10,채용시
147,대치프라임학원,[확장] 대치프라임학원  영어 수학 과학 선생님 모집,경기 시흥시,영어,09.10,채용시
148,글오우 융합독서 프로젝트...,위례 글오우 국어전문학원 중등부 강사 모집,경기 성남시,국어,09.10,채용시
149,토크스테이션,"[화상영어1위 토크스테이션] 학원운영, 행정업무 팀원 모집",서울 광진구,상담직,09.09,10.09
150,시대인재교육,"지캠프 시대인재교육 영어 강사(초,중등, 고등부) 모집",경기 안산시,영어,09.09,채용시
151,대치영어연구소,[송파/성남 위례]초중등 문법 독해 영어선생님 모십니다.,경기 성남시,영어,09.09,09.24
152,거산TOP수학학원,[중등수학][주3일파트 화목토][인천부평구삼산동],인천 부평구,수학,09.09,채용시
153,대한논리속독고덕학원,"[국어, 독서논술, 속독 ] 강사 모십니다.",서울 강동구,국어,09.09,10.09
154,리한에듀영어학원,중고등 영어전임강사,경기 오산시,영어,09.09,09.16
155,저스트원학원,초등부 수학선생님을 모십니다.,인천 미추홀,수학,09.09,채용시
156,프리메카학원,(인천 남동구 )초중수학샘 구해요,인천 남동구,수학,09.09,10.09
157,오르다샘앤클래스광교학원,오르다샘앤클래스광교학원교사모집,경기 수원시,수학,09.09,채용시
158,대방웰이스턴영어,초.중 영어 전임. 파트  추가모집.,서울 동작구,영어,09.09,09.24
159,에스알어학원,어학원 강사 모십니다.,경기 성남시,영어,09.09,10.09
160,우리에듀,중 / 고등부 영어 선생님 구인입니다.,경기 파주시,영어,09.09,09.16
161,이신학원,이신학원과 함께할 영어 파트 강사님을 모집합니다.,경기 안양시,영어,09.09,채용시
162,성동뉴타운 소마학원,성동뉴타운 소마 사고력수학 선생님 모집(월~금),서울 성동구,수학,09.09,10.09
163,easy윤 수학영어,초중 영어전임선생님 모십니다.,인천 부평구,영어,09.09,10.09
164,Real 수학학원,■ 리얼수학학원 ■ 서초/대치 전임연구원,서울 서초구,수학,09.09,채용시
165,Alfa of Math,초등중등 수학선생님 찾습니다,인천 연수구,수학,09.09,09.24
166,투스카이수학과학학원,청라수학과학 투스카이 학원의 25번째 선생님이 되어주세요,인천 서구,수학,09.09,09.24
167,비오비에듀학원,[중등부] 수학 선생님 모십니다,경기 평택시,수학,09.09,채용시
168,킹스키즈어학원,초등영어교사 모집,경기 안산시,영어,09.09,10.09
169,정성학원,"고등부 영어,수학 선생님 모십니다.",서울 성북구,영어,09.09,채용시
170,씨아이에듀입시학원,평촌학원가 씨아이에듀 과목별 전임 선생님을 모집합니다,경기 안양시,국어,09.09,채용시
171,◈SD명문학원◈,[광명] 초등영어선생님 모십니다  - SD명문학원,경기 광명시,영어,09.09,채용시
172,운정 연솔학원,운정 초5~중1 월수금 오후 8시퇴근 선생님모십니다 !!,경기 파주시,수학,09.09,10.09
173,줄리킴영어학원,송도 줄리킴영어학원에서 중고등부 선생님 모십니다.,인천 연수구,영어,09.09,10.09
174,영매쓰수학학원,초중등 수학강사 모집합니다,서울 강남구,수학,09.09,10.09
175,삼성영어화서화양학원,영어 선생님 모집,경기 수원시,영어,09.09,09.22
176,Study Factory,중등부 영어선생님을 찾고 있습니다.,경기 하남시,영어,09.09,10.09
177,김정연에듀,김정연에듀 중/고등 국어/수학 강사 채용,경기 고양시,국어,09.09,09.16
178,지엘에스에듀,압구정 - 초등영어학원 교수부장 채용- 경력직,서울 강남구,영어,09.09,채용시
179,동백정철어학원,"초,중등 영어 강사님모집(전임강사님)",경기 용인시,영어,09.09,10.09
180,힘수학 동천지점,초등 화목/초중등 월수금 파트,경기 용인시,수학,09.09,채용시
181,설연고학원,[용인시/수학] 미래를 함께하실 선생님을 모십니다,경기 용인시,수학,09.09,10.09
182,샤인학원,고등부 국어 파트(여) 주2일 모십니다.,서울 양천구,국어,09.09,10.07
183,중앙학원,중등 영어 피트선생님을 모십니다,서울 광진구,영어,09.09,10.09
184,은 수학영어학원,고등부 전임 수학 선생님                  모십니다.,경기 부천시,수학,09.09,채용시
185,한수위학원,- 초등중등 영어 선생님 모집 -,경기 성남시,수학,09.09,09.24
186,뿌리깊은국어학원,파트타임 국어 선생님을 모십니다.,부산 해운대,국어,09.08,채용시
187,메이저수학학원,[반포 중고등부 전임 수학선생님] 기본급400만+인센티브,서울 서초구,수학,09.08,10.08
188,지엔탑학원,[안양]중등 수학강사 모집,경기 안양시,수학,09.08,09.23
189,비원에듀,서구청라/마전동 영어/국어선생님모십니다,인천 서구,영어,09.08,09.23
190,halo 헤일로수학과학학원,헤일로수학과학학원에서 수학선생님을 모십니다.,경기 안양시,수학,09.08,채용시
191,포레스픽 영어학원,초등전문영어학원 한국인 강사 모집,서울 강서구,영어,09.08,10.08
192,육일수학학원,인천 구월동에서 중고등부 수학쌤을 모십니다,인천 남동구,수학,09.08,채용시
193,바른영어학원,"초,중등 영어 강사님을 모십니다 :)",인천 연수구,영어,09.08,채용시
194,팬더쌤영수전문학원,"초등/중고등 영어,수학.과학,국어 강사 모십니다.",경기 의정부,수학,09.08,09.23
195,상상이상학원,상상이상에서 열정 가득한 국어 쌤을 모십니다,세종 ,국어,09.08,10.08
196,이강학원,"중고등부 수학, 영어, 국어 선생님을 모십니다.",경기 수원시,수학,09.08,10.08
197,뮤엠영어세곡학원,영어학원 전임 및 파트 선생님(뮤엠영어),서울 강남구,영어,09.08,10.08
198,the 막강학원,중고등 영어 선생님 모십니다.,경기 고양시,영어,09.08,09.15
199,날개달기 국어,일산 후곡 날개달기 국어,경기 고양시,국어,09.08,채용시
200,대치에스학원,"대치에스와 함께하실 수학(중등, 고등)선생님 / 직원 모십니다",서울 성북구,수학,09.08,채용시
201,강동하이레벨수학학원,"강동구 수학학원-중고등부 수학강사 모집(정규직,전임)",서울 강동구,수학,09.08,10.08
202,동화세상에듀코 송파지사,화상수업 영어/수학/국어 강사 채용합니다(주5일 재택근무),서울 송파구,국어,09.08,09.15
203,코어에듀,전과목 전문 과외 선생님을 모십니다.,서울 강남구,수학,09.08,10.08
204,(주) 서초아발론,[서울 ] 초등 영어 선생님 모십니다,서울 서초구,영어,09.08,10.08
205,인천원탑영수전문학원,[인천] 초등 전문 영어 회화 강사님을 모십니다.,인천 남동구,영어,09.08,09.15
206,Habit 9 어학원,[Habit 9] 대치동 메이저 어학원에서 선생님과 스탭 모집,서울 강남구,영어,09.08,09.28
207,CDC(Catholic Dreams & Ch...,"CDC 교육센터에서 중등 - 고등 국어, 수학 선생님을 모십니다.",서울 양천구,수학,09.08,채용시
208,서강영어학원,위례서강영어학원에서 중등부 월수금 파트 강사님 모십니다,경기 성남시,영어,09.08,09.23
209,SAGE 영어학원,초등 영어선생님을 초빙합니다.,서울 동작구,영어,09.08,채용시
210,스카이 학원,"분당 이매역 근처  초 중 고 영수 선생님 전임, 파트 모집합니다",경기 성남시,영어,09.08,10.08
211,더쎈학원,초 중등 수학 강사님 초빙 (김포시 풍무동),경기 김포시,수학,09.08,채용시
212,제이원에듀,수학강사 파트or전담선생님 모집합니다.,제주 제주시,수학,09.08,09.23
213,미투스카이 수학전문학원,[대치동수학전문] 배우며 성장할 수 있는 학원 (중등부/고등부),서울 강남구,수학,09.08,10.08
214,사이매쓰학원,열정적인 수학 선생님을 모십니다.,경기 김포시,수학,09.08,10.08
215,이룸영어,영어 초등 중등 전임강사,서울 강남구,영어,09.08,채용시
216,일류학원,초중등 영어 파트 선생님 모십니다.,서울 중랑구,영어,09.07,채용시
217,더쎈영수학원,중/고등부를 담당하실 영어선생님을 모십니다.,서울 특별시,영어,09.07,09.23
218,연세위너스학원,중등부 수학 강사 모십니다,경기 고양시,수학,09.07,10.07
219,이상숙어학원,좋은선생님과 함께 할수있는곳 이상숙 어학원 입니다,서울 성북구,영어,09.07,09.14
220,이도수학,새롭게 시작하는 송도 이도수학에서 수학선생님을 찾고 있습니다,인천 연수구,수학,09.07,10.07
221,루체테어학원 가재울캠퍼...,[루체테어학원 가재울캠퍼스] 초중등 전임강사 모집,서울 서대문,영어,09.07,채용시
222,생각하는황소 동작학원,생각하는 황소 동작 수학학원 교사 및 자습지도교사 모집,서울 동작구,수학,09.07,채용시
223,LUCY어학원,발랄한 영어실력자 모셔요!!,경기 용인시,영어,09.07,채용시
224,플랜에이수학학원,"[의정부]초등,중등 겸임 수학선생님 모집중입니다.",경기 의정부,수학,09.07,10.07
225,빌더스 인텐시브,"[용인]중고등 영어 전임(280만원,월-목),화목파트샘(130만원)",경기 용인시,영어,09.07,채용시
226,G1230(양주점),일품 학원에서 함께 하실 수학 선생님 모십니다.,경기 양주시,수학,09.07,채용시
227,에듀피아,"에듀피아학원에서 초,중등부 강사를 모집합니다.",인천 미추홀,영어,09.07,10.07
228,엠베스트SE 이산캠퍼스,초중등 영어 보조 선생님 모집힙니다 [2동탄],경기 화성시,영어,09.07,10.07
229,아산올림피아드,"[아산] 올림피아드 수학학원에서 (중,고등부) 전임 강사 채용",충남 아산시,수학,09.07,09.14
230,쌤과통하는수학,초중등 수학 선생님 모십니다. 주5일 주6일 주5야간 중 지원가능,서울 성동구,수학,09.07,09.14
231,멘토아카데미,[여의도] 초등 수학 선생님 모집합니다. (전임),서울 영등포,수학,09.07,채용시
232,아이엠지잉글리시,"수학 전임,파트",서울 은평구,수학,09.07,10.07
233,민병철주니어학원,[민병철어학원] 초등영어선생님과 중등영어선생님 모집,서울 관악구,영어,09.07,10.01
234,The큰수학학원,수학전임/파트(초/중/고등부) 선생님을 모십니다.,서울 동대문,수학,09.07,채용시
235,파스칼학원,[인천서구] 파스칼학원 중고등 국어 선생님 모십니다,인천 서구,국어,09.07,10.03
236,유클리드 수학전문학원,수학 중고 전임 강사님을 모십니다.,대전 서구,수학,09.07,09.22
237,이지엠학원,EGM에서 중등 수학 강사님을 모십니다,서울 관악구,수학,09.07,09.15
238,해솔학원,[서울 은평구][중고등부영어][주6일 전임][경력1년이상],서울 은평구,영어,09.07,채용시
239,하이클래스 입시학원,[인천청라] 초/중등 수학,인천 서구,수학,09.07,09.22
240,알파영어,영어 선생님 모십니다,서울 은평구,영어,09.07,10.07
241,ELL학원,"초, 중 영어 선생님 모십니다!",인천 남동구,영어,09.07,09.22
242,지티지 수학학원,GTG수학에서 사고력 선생님을 모십니다.,경기 성남시,수학,09.07,채용시
243,math153수학학원,초.중등부 수학강사 모십니다,경기 부천시,수학,09.07,채용시
244,메리트수학학원,확장이전으로 함께 성장할  수학학원 초중수학강사  모십니다,서울 강동구,수학,09.07,10.07
245,쑥쑥리더스영어학원,[초중등영어전문학원]월수금파트타임 강사 모십니다.,서울 구로구,영어,09.07,채용시
246,닥터수밀크잉글리쉬,매니저 급 초중등 영어강사 모집,경기 용인시,영어,09.07,채용시
247,도농 시매쓰,시매쓰 다산센터 초등 수학선생님을 모십니다.,경기 남양주,수학,09.06,09.25
248,목동한맥프라임학원,"수학을 담당해주실 선생님 모십니다. 초등전임, 중고등 파트",서울 양천구,수학,09.06,채용시
249,앤써학원,"함께 성장할 수학, 영어 선생님을 모십니다.",경기 파주시,수학,09.06,10.06
250,(주)잇올,[본사] 2021년 9월 잇올그룹 운영본부 교과팀 공개채용 (전국),서울 서초구,국어,09.06,10.06
251,힘수학,아이들은 사랑으로 이끌어 주실 선생님을 찾고 있습니다!!,경기 김포시,수학,09.06,10.06
252,삼성영어창일교실학원,초 중등부 영어 강사,서울 도봉구,영어,09.06,09.21
253,서울탑수학학원,★ 초/중/고 수학 선생님을 모십니다 ★,경기 부천시,수학,09.06,채용시
254,유신해법학원,초/중등 영어 선생님 모십니다,인천 남동구,영어,09.06,10.06
255,플랜에이수학,2관 개관으로 실력있는 선생님 모십니다.(초등/중등/데스크),경기 성남시,수학,09.06,10.06
256,명문학원,초중 영어 강사 파트/주 4일,경기 고양시,영어,09.06,10.06
257,연세이룸학원,영어 수학 선생님 모십니다.,서울 구로구,영어,09.06,채용시
258,마이러닝랩 입시학원,판교 관리형 입시학원 국영수 전문과외 선생님을 모집합니다,경기 성남시,국어,09.06,10.06
259,M2수학학원,배곧 M2수학학원에서 함께 하실 유능한 선생님 모십니다.,경기 시흥시,수학,09.06,10.06
260,아발론랭콘광주태전어학원,아발론랭콘태전어학원 초중등영어선생님 모십니다.,경기 광주시,영어,09.06,10.06
261,여의도JS학원,초/중 영어 및 수학 선생님 모집합니다,서울 동작구,수학,09.06,10.06
262,다른학원,[중고등부][영어1명][국어1명][압구정동][다른학원],서울 강남구,국어,09.06,10.04
263,진아트잉글리쉬,초등영어학원 월~금 풀타임 강사 모집,서울 송파구,영어,09.06,채용시
264,연학원,서울 은평구 초중 국어 선생님 모십니다,서울 은평구,국어,09.06,10.06
265,웰 영수 전문학원,초.중등  영어 전임 선생님을   모집  합니다,경기 김포시,영어,09.06,채용시
266,현앤장수학학원,성실한 수학 선생님을 모십니다.,경기 구리시,수학,09.06,09.26
267,스피드영어학원,중고등  전임 강사 모집합니다(내신/문법/독해),인천 연수구,영어,09.06,10.06
268,개런티영어학원,Guarantee English,경기 화성시,영어,09.06,10.04
269,위에듀어학원,영어유치부 한국인 담임선생님을 모집합니다.,서울 서초구,영어,09.06,10.06
270,뮤엠영어시드니캠퍼스,양천구/목동근접/해법수학/초중등전임,서울 양천구,수학,09.06,오늘마감
271,SAC잉글리시아이영어학원,"송도 SAC시스템학원 영어 중,고 주5일 기본급300+알파.",인천 연수구,영어,09.06,채용시
272,유아감성놀이 리틀포레스...,상주 영어 정교사 채용합니다.,경기 김포시,영어,09.06,오늘마감
273,FTK잉글리쉬,[패스트랙키즈 강동] 영어 유치원에서 인재를 모집합니다,서울 강동구,영어,09.06,채용시
274,(주)종로학원하늘교육,"초등, 중등 용산지역 수학 과학 과외 지도교사 모집.",서울 용산구,수학,09.06,09.21
275,리드N영어수학학원,초등 / 초중등 수학 전임 강사 모집,경기 남양주,수학,09.06,채용시
276,지니리영어학원,"[광명] 초등부 전임(1명), 중고등부 전임(1명) 선생님",경기 광명시,영어,09.05,09.29
277,FLA영어입시전문학원,FLA영어입시전문학원 중등부 고등부 영어강사 모집,인천 연수구,영어,09.05,채용시
278,다니엘 학원,초중(수학) 열정이 있는 선생님을 모십니다.(주5일근무),경기 파주시,수학,09.05,채용시
279,신혜영,중고 수학학원 질문 조교쌤 구합니다.,경기 성남시,수학,09.05,채용시
280,이앤서학원,초.중 영어.수학선생님 모십니다,경기 파주시,영어,09.05,10.05
281,백년나무교육,대치동 학원에서 수학 선생님 모십니다 [기본급 350~500+비율제],서울 강남구,수학,09.05,10.05
282,(주)건강한학습연구소,꼴찌에서 2달 만에 1등한 비법/1:1과외 /1:N 특강/온라인 재택,서울 구로구,국어,09.05,09.23
283,수학대장 방배캠퍼스,수학대장학원 방배3관 전임 강사 채용(주5일),서울 서초구,수학,09.04,09.25
284,김동수학원,함께 근무하실 중등부 수학 선생님을 모십니다.,경기 파주시,수학,09.04,채용시
285,11월의혁명 영어전문학원,(목동)중고등 영어 선생님을 모십니다.,서울 양천구,영어,09.04,09.24
286,U2M감일캠퍼스,올림피아드교육 유투엠)하남 감일캠퍼스 초/중등 수학강사 모집,경기 하남시,수학,09.04,10.01
287,(주) 아이진로,[프리랜서] 취업인적성(수리파트) 강사 모집,서울 동작구,수학,09.04,10.04
288,쌤종합학원,초중고 영어강사 모집,경기 수원시,영어,09.03,채용시
289,(주)대치입시앤컨설팅학원,[천안] 수학 전임 선생님 모십니다 (동종업계 최고 대우),충남 천안시,수학,09.03,10.03
290,매씽에듀,고등 수학강사 모집 / Pay로 업계 최고 대우를 해드리겠습니다,서울 노원구,수학,09.03,채용시
291,류다현 수학전문학원,[양천구 목동] [수학] [초/중/고],서울 양천구,수학,09.03,09.25
292,eie고려대국제어학원 원당,영어전임강사 분 구합니다.,인천 서구,영어,09.03,09.18
293,GnB어학원 평내캠퍼스,평내호평 지앤비 수학선생님,경기 남양주,수학,09.03,채용시
294,무결학원,[인천청라] 무결학원 (학원강사/보습학원/수학) 채용합니다,인천 서구,수학,09.03,10.03
295,주노영어,[동대문구] 월.수.금 초/중 영어강사모집,서울 동대문,영어,09.03,10.03
296,논산최강,파트타임영어강사를 구합니다,충남 논산시,영어,09.03,채용시
297,올리고 영수학원,안산) 중고등부 영어 선생님 구합니다. (단기/2개월/주3일),경기 안산시,영어,09.03,09.29
298,수리원 수학학원,(서울반포) 수학선생님 모십니다!,서울 서초구,수학,09.03,09.18
299,lns수학학원,[도봉구 방학동][전임 ] [주6일 월~토 ] [중2~고2 수학 ],서울 도봉구,수학,09.03,10.03
300,미스터 밥 수학 학원,초등 / 중등 수학강사 모집합니다,충남 아산시,수학,09.03,10.01
301,IELC어학원,"청라 IELC 어학원, 영어강사 모집합니다!",인천 서구,영어,09.03,09.22
302,수학사이다학원,초중 수학강사모집,인천 남동구,수학,09.03,10.03
303,jk영재학원,반포동에서  수학 영재관 실장님 및 과학 영재관 실장님 모심,서울 서초구,수학,09.03,채용시
304,청명학원,"중-고등 과학 선생님,  중고등 국어 선생님",서울 강남구,과학계열,09.03,10.03
305,미래를 여는 창,분당지역 초중 수학강사 모십니다.^^,경기 성남시,수학,09.03,10.01
306,대월아카데미,중고등부 영어 강사모집,경기 안산시,영어,09.03,10.03
307,EduStone,( 광고 ) 에듀스톤,제주 서귀포,영어,09.03,10.03
308,시그마베스트학원,초중고 수학선생님  모십니다.,서울 강남구,수학,09.03,채용시
309,현대해법영어보습학원,영어강사모집,경기 부천시,영어,09.03,10.02
310,SNU 영수과 전문학원,초중등  영어수학 파트 또는 전임,인천 남동구,수학,09.03,10.03
311,대치학원,국/영/수 선생님 모십니다,경기 수원시,국어,09.03,10.03
312,에이플러스,열정있고 성실한 수학선생님 모십니다.,인천 서구,수학,09.02,09.30
313,국제어학원당산캠퍼스,초등부 정규 영어 강사/파트 강사/ 파트 관리(채점) 강사,서울 영등포,영어,09.02,10.02
314,권진희국어학원,권진희 국어학원 중고등부 전임 강사 채용합니다.,대구 수성구,국어,09.02,10.02
315,삼성영어셀레나학원,초중등 영어 선생님 모십니다.,서울 강동구,영어,09.02,채용시
316,미사중앙삼성영어&탑매쓰...,"초,중등 영어 강사 채용",경기 하남시,영어,09.02,채용시
317,파이수학,화곡역 / 신월 / 강서 중고등부 수학강사 구합니다,서울 양천구,수학,09.02,10.02
318,재니 학원,"일산 백마지역 영어 전임 ,파트  재니학원",경기 고양시,영어,09.02,채용시
319,시대인재디학원,EGD학원 중등 국어 강사 모집,서울 관악구,국어,09.02,09.17
320,와이키즈 마포센터,와이키즈 마포센터 유아수학과학 교사 채용,서울 마포구,수학,09.02,채용시
321,YBM ECC 마포서대문,ECC 어학원 데스크 직원 구합니다.,서울 서대문,영어,09.02,09.17
322,박쌤학원,영어선생님을 모십니다.,인천 부평구,영어,09.02,10.02
323,피앤케이학원,대치동 피앤케이수학학원에서 수학 선생님 모십니다.,서울 강남구,수학,09.02,10.02
324,교원더퍼스트플래너스수학...,[초/중/고] 수학선생님 모십니다.,부산 부산진,수학,09.02,채용시
325,매쓰플랜수학전문학원,[노원구] 중등수학강사님 모십니다/파트가능,서울 노원구,수학,09.02,09.25
326,중앙학원,초/중 수학선생님을 모십니다.,서울 서초구,수학,09.02,09.30
327,주식회사 와이디아카데미,초중등영어 파트쌤(주5일) 모십니다.,서울 강서구,영어,09.02,채용시
328,모스트학원,[도봉구 방학동]중고등 수학 / 과학 선생님 모십니다.,서울 도봉구,수학,09.02,채용시
329,인사이트학원,"초,중등 수학강사",경기 광주시,수학,09.02,10.02
330,(주)아인슈타인교육,**초/중 수학선생님 모십니다**,서울 강남구,수학,09.02,10.02
331,수학사랑학원,"초/중등, 중/고등 전임 수학선생님 모십니다.",경기 용인시,수학,09.02,채용시
332,JYP영어학원,[금천] 초등 / 중1 영어 강사님 모십니다.,서울 금천구,영어,09.02,채용시
333,행복한수학영어학원,수학 소규모 수업 담당자를 모십니다.,대전 중구,수학,09.02,채용시
334,강남펜타스학원,국어 고등부 파트,서울 성북구,국어,09.01,채용시
335,수학몬스터대치학원,대치/서초/동탄 수학몬스터,서울 강남구,수학,09.01,채용시
336,프랩학원,초중등 수학강사 모집,경기 파주시,수학,09.01,채용시
337,EIE 고려대국제어학원,초 중고 각 전임 및 파트 구합니다!!!,경기 고양시,영어,09.01,10.01
338,멘토초중보습학원,초중고 영어샘,경기 부천시,영어,09.01,10.01
339,행당시매쓰,"사고력 수학 파트 강사 모십니다.(화,목,토)",서울 성동구,수학,09.01,09.16
340,웨스턴영어학원,초중 전임   +  중.고등 전임 강사  구인중입니다.,서울 은평구,영어,09.01,채용시
341,홍수학영어입시학원,"중고  영어, 수학 전임 파트샘 구합니다.",경기 부천시,수학,09.01,채용시
342,더존학원,초등영어선생님 모집합니다,서울 영등포,영어,09.01,09.16
343,ELI어학원,"(주)ELI어학원/확장충원/초중등영어/전임/죽전,보정/경력,신입",경기 용인시,영어,09.01,채용시
344,와이즈만 관악센터,수학 전임강사 채용 (서울대입구역),서울 관악구,수학,09.01,09.23
345,맨투맨학원호원센터,호원맨투맨학원에서 수학선생님을 모집합니다.,경기 의정부,수학,09.01,채용시
346,강한학원,초중등 수학선생님 모셔요.,서울 동작구,수학,09.01,10.01
347,몬스터교육,몬스터교육. 동탄 수학/국어 선생님 채용공고,경기 화성시,수학,09.01,채용시
348,문희영어학원,남양주시 별내동 문희영어학원 초중등 영어강사,경기 남양주,영어,09.01,채용시
349,일로드수학학원,초/중등 전임선생님 채용,경기 수원시,수학,09.01,채용시
350,뉴스트학원,초중등 영어쌤 모십니다.,서울 광진구,영어,09.01,10.01
351,드림수학전문학원,"수학(초,중등) /영어(중고등)강사모집합니다",경기 용인시,수학,09.01,09.25
352,BLAST어학원,서동탄역근처 어학원 초등/초중영어 선생님 모십니다.,경기 화성시,영어,09.01,채용시
353,LETS영어수학전문학원,[화성]초/중/고 수학 고정급 OR6:4비율제 선택,경기 화성시,수학,09.01,09.27
354,청담클루빌영어학원,열정적인 영어선생님을 모십니다.,서울 양천구,영어,08.31,09.30
355,최고수보습학원,초/중 수학전문학원 전임강사를 모십니다,서울 노원구,수학,08.31,09.27
356,명인학원,대치명인학원 - 명인스카이수학(대전) 수학강사 모집,대전 서구,수학,08.31,09.30
357,마이튜터,"[재택] 줌 이용 온라인 과외 선생님 모집//수학,영어,국어",경기 수원시,수학,08.31,09.27
358,유어멘토학원,중등수학 선생님 모집합니다.,경기 수원시,수학,08.31,09.14
359,민락맨투맨학원,민락 맨투맨학원 초중등 국어영어수학 전임 파트 구합니다,경기 의정부,국어,08.31,채용시
360,강남SK학원,"국어(고등1년/월수금중,2회강의,2시간씩 )/나이 무관/수서역 3출",서울 강남구,국어,08.31,09.25
361,대치학원,"(중,고) 영어, 수학 선생님 ^^",서울 구로구,영어,08.31,09.30
362,캐슬The오름수학,The오름 수학학원에서 수학강사님을 모십니다.,서울 강동구,수학,08.31,09.30
363,미래학원,"중고등 영어선생님, 국어선생님 모십니다.",경기 광주시,영어,08.31,채용시
364,공신수학학원,"2021 초중고 영어전임,국어(비율제)/ 초등수학 월급제(파트)",서울 강서구,영어,08.31,09.26
365,더블유 수학학원,책임감 강하신 중고등 수학선생님을 모십니다.,서울 강동구,수학,08.31,09.30
366,이지스터디학원,초중 수학강사 급구,서울 은평구,수학,08.31,09.30
367,티앤비영수전문학원,초중담당수학 선생님 모십니다.,경기 안산시,수학,08.31,09.30
368,[중계]청담어학원,[청담어학원] 중계 직영브랜치 한인강사 채용,서울 노원구,영어,08.31,09.30
369,매쉬업 에듀케이션,초등 수학 강사 모집,경기 화성시,수학,08.31,채용시
370,일타수학학원,"김포장기동 일타수학학원 중,고등부 선생님 모십니다.",경기 김포시,수학,08.31,09.30
371,영어종결센터,초중 메인강사,경기 파주시,영어,08.31,채용시
372,잉글리시에그노원,"잉글리시에그 노원센터 유아, 유치부 영어놀이 선생님 모집",서울 노원구,영어,08.31,09.30
373,동화세상에듀코,[재택근무]코로나시대 온라인으로 강사 도전하세요,강원 춘천시,국어,08.31,09.15
374,수림수학학원,[강남구 대치동][파트][주2일 월금][중등과정 수학],서울 강남구,수학,08.31,09.15
375,고려EIE 마석 송라 캠퍼스,고려EIE 마석송라 캠퍼스 영어강사 구인,경기 남양주,영어,08.31,09.30
376,VISION 컨설팅,"[국어,수학 전국강사 모집]화상수업,누적회원 50만명,비대면교육",서울 동대문,영어,08.31,오늘마감
377,APSUN앞선영어,Apsun 앞선영어학원 초중등부 전임 OR 파트강사 초빙,경기 성남시,영어,08.31,09.30
378,이경직 입시국어 클리닉,[이경직 입시국어 클리닉] 2021학년도 후반기 국어 선생님 공채,경기 화성시,국어,08.31,09.30
379,정철어학원Jr 서창캠퍼스,[서창 정철어학원] 초/중 영어강사 모집,인천 남동구,영어,08.31,09.14
380,오롬어학원,(남양주) 초/중등부 영어강사 전임 구인(인턴 포함),경기 남양주,영어,08.30,09.29
381,강의하는 아이들 백마캠퍼...,강의하는아이들 일산백마캠퍼스-중등선생님 모십니다.,경기 고양시,수학,08.30,채용시
382,잉글리시버드,[타임당 3만원] 100% 영어수업 토요일 유초등 수업 채용,서울 마포구,영어,08.30,채용시
383,스터디백도씨학원,"상어수학 초등,중등 수학강사 채용",서울 강남구,수학,08.30,09.14
384,서대문페르마,중등부 선생님 모십니다.,서울 서대문,수학,08.30,09.14
385,정상수학,[산본] 초5~중2 수학 전임 선생님 모집합니다.,경기 군포시,수학,08.30,09.29
386,더나은학원,학생의 미래를 함께 바꿔 줄 선생님들을 모십니다.,경기 수원시,수학,08.30,09.29
387,명석수학전문학원,대치동 명석학원에서 수학강사을 구합니다.,서울 강남구,수학,08.30,채용시
388,"쿤 어학원, 쿤 수학학원","[화성시 향남읍] 초중등 수학강사1명, 영어강사1명.",경기 화성시,수학,08.30,09.29
389,아이엘(IL)영어n수학보습...,초중 영수 선생닙을 모십니다,서울 강동구,영어,08.30,09.29
390,정철영어주니어서산캠퍼스,수학 강사 급구,충남 서산시,수학,08.30,채용시
391,BT수학학원,중고등부 수학강사를 모집합니다.(남양주 진접),경기 남양주,수학,08.30,09.29
392,더 퍼스트 학원,더퍼스트 학원 수학강사 모집,경기 고양시,수학,08.30,09.14
393,생각하는수학플러스어학원,생각하는 수학선생님(  보조강사 모집)- (수학),경기 광명시,수학,08.30,09.29
394,정철영어주니어동호어학원,정철어학원 강사분 구합니다,대구 동구,영어,08.30,09.29
395,탑스카이학원,경기도 이천시 초등부 영어선생님 모집,경기 이천시,영어,08.30,09.29
396,아발론동대문점,아발론교육 동대문 전농캠퍼스에서 초중등 선생님을 모집합니다,서울 동대문,영어,08.30,채용시
397,인피니트영수전문학원,"영어, 수학 선생님 채용합니다.",부산 북구,수학,08.30,09.29
398,정왕냉정센수학윤선생시흥...,시흥시 정왕동 초등 수학강사 모십니다.(3시~6시),경기 시흥시,수학,08.30,채용시
399,수지에이프릴어학원,April어학원에서 영어강사 모집합니다,경기 용인시,영어,08.30,09.29
400,향남유투엠X로제타스톤학...,[중등수학파트]유투엠 화성향남 수학선생님 모십니다.,경기 화성시,수학,08.30,채용시
401,해법에듀학원,초/중 수학강사 모집,경기 성남시,수학,08.30,09.14
402,구정남수학전문학원,"초,중,고 수학전임강사모집 (대실역 구정남수학전문학원)",대구 달성군,수학,08.29,09.17
403,생각수학,초등3학년~중1학년 수학 지도 선생님을 모십니다.,경기 고양시,수학,08.29,채용시
404,수학공감학원,매탄동 수학공감 학원에서 선생님을 모십니다,경기 수원시,수학,08.29,채용시
405,글로벌리더스어학원,"글로벌리더스어학원이 초중등 전임강사 모집(범어점,상인점)",대구 수성구,영어,08.29,오늘마감
406,행복한청명영어학원,**성실하고 열정있는 선생님 모십니다**,경기 안양시,영어,08.29,오늘마감
407,공부자신감,초/중 수학 전임선생님 모십니다,경기 용인시,수학,08.29,채용시
408,세종학원,영어 ㅡ 고등부 선생님 구합니다.,서울 강북구,영어,08.29,오늘마감
409,더오름학원,화성 향남 초등수학 보조선생님 구합니다,경기 화성시,수학,08.29,채용시
410,삼성영어해법수학이문학원,동대문구 이문동에서 수학 가르치실 강사 모십니다.,서울 동대문,수학,08.28,채용시
411,정철어학원 Jr.,구월정철어학원에서  함께 할 영어 선생님을 모십니다.,인천 남동구,영어,08.28,09.27
412,JY 잉글리쉬아카데미,JY 영어학원 초중등 전임강사 채용,경기 용인시,영어,08.28,09.27
413,(주)동화세상에듀코,"[마포,광명]와와학습코칭학원 초중고 온-오프수업  강사모집",서울 마포구,국어,08.28,채용시
414,다마스쿠스 학원,월/수/금 중등부 영어 선생님을 모십니다.,서울 관악구,영어,08.28,채용시
415,현준쌤수학학원,현준쌤수학학원에서 중등부 젊은 수학선생님을 모십니다,경기 김포시,수학,08.28,채용시
416,역곡페르마보습학원,[부천역곡]/초중고수학 최고대우,경기 부천시,수학,08.28,09.17
417,이엠스쿨학원,초중등 수학 전임강사 구인합니다.,충북 청주시,수학,08.27,09.26
418,맨투맨영수학원,안산 초지동 수학 강사 모집합니다.,경기 안산시,수학,08.27,채용시
419,시대에듀,[하남] 초중등부 수학 경력강사모집. 기본급 300+인센티브,경기 하남시,수학,08.27,09.26
420,지앤조영수학원,월수금 1시~6시 초등영어선생님 구인입니다,경기 고양시,영어,08.27,09.26
421,이지피지영어,초등 소수원서수업,경기 성남시,영어,08.26,채용시
422,다다아카데미,[서울강동] 중고등 수학선생님 모십니다,서울 강동구,수학,08.26,채용시
423,엠리더스향남학원,중등부 수학  영어강사님 모십니다.(파트 ),경기 화성시,수학,08.26,09.25
424,바른학원,초등 영어 선생님,경기 광주시,영어,08.26,09.25
425,잉글리쉬무무고잔제5학습...,영어)잉글리쉬무무) 단기급구알바 및 정규직 선생님 모십니다.,경기 안산시,영어,08.26,09.25
426,아이비츠학원,중등부 영어선생님을 모십니다~^^,경기 수원시,영어,08.26,채용시
427,신사고영어보습학원,신사고 입시 학원에서 영어 선생님을 모집합니다.,경기 부천시,영어,08.26,09.25
428,필과수수학과학학원,"중.고등영어, 초.중수학,국어 화학선생님을 모십니다.",서울 도봉구,영어,08.26,09.25
429,The System 영수전문,병점역 근처 영수단과학원에서 고등부 수학 선생님 찾습니다.,경기 화성시,수학,08.26,09.25
430,배진영수전문학원,평택 비전동 학원에서 단기 영어선생님 구합니다!!,경기 평택시,영어,08.26,09.25
431,천종현사고력수학,"유초등 수학 강사 모집(위례, 천종현수학연구소)",서울 송파구,수학,08.26,09.25
432,제카영어학원,중등부영어학원 전임강사모집,경기 용인시,영어,08.26,09.25
433,광수학,"주5일 중등부(수학전임,파트)  선생님 모십니다!",경기 고양시,수학,08.26,09.22
434,영어종결센터 소사벌학원,중고 영어 강사 모집,경기 평택시,영어,08.26,채용시
435,광명 소마사고력 수학학원,광명소마사고력수학 교사모집,경기 광명시,수학,08.26,채용시
436,삼성영어 쎈수학 러닝센터...,삼성영어 위례숲 교실에서 영어강사님 및 실장님을 초빙합니다.,경기 하남시,영어,08.26,채용시
437,후곡에듀플렉스학원,초중고 대상 학습 매니저 선생님 구합니다.,경기 고양시,자기주도/학습코칭,08.26,09.25
438,티엘수능입시학원,"서초구 중,고등 대상 학원 수학 선생님 모십니다.",서울 서초구,수학,08.26,채용시
439,EIE 고려대 국제어학원 김...,교수부장 및 팀장 중간관리자 채용합니다!!,경기 김포시,영어,08.26,09.25
440,하이영수학원,"영어 파트 타임/ 부평구청역(7호선) 인근/ 월, 수 4시간/ 월 70+",인천 부평구,영어,08.26,09.25
441,EKEDU(주),영어 내신 강사 및 토플 강사,경기 성남시,영어,08.26,채용시
442,나랏말씀국어학원,중등부 국어 선생님[전임 및 파트]을 모십니다.,서울 광진구,국어,08.26,09.25
443,영어종결센터 하안학원,중고등 영어 전임 선생님,경기 광명시,영어,08.26,채용시
444,이스턴어학원,영어 강사(보충교사) 모집합니다.  4시간근무,경기 김포시,영어,08.25,09.24
445,서울에듀학원,남양주시 평내동 중등수학선생님을 모십니다,경기 남양주,수학,08.25,09.24
446,소리영어수리수학,소리영어수리수학 학원에서 영어선생님 모십니다.,충북 청주시,영어,08.25,09.24
447,라온학원,녹양동 학원에서 초중고 수학 파트 선생님 구합니다.,경기 의정부,수학,08.25,09.24
448,더채움수학전문학원,"초,중등 선생님 구합니다",서울 광진구,수학,08.25,채용시
449,블러썸영어학원,"젊고 유능하신 중,고등부 영어 선생님을 모십니다.",인천 연수구,영어,08.25,09.24
450,지노수학과학 학원,하남시 수학과학전문학원에서 중등수학 선생님을 모셔봅니다,경기 하남시,수학,08.25,09.24
451,대치동토모수학,"인연을 믿습니다. 지원해 주세요!! (초등,중등 수학선생님 구인)",경기 성남시,수학,08.25,채용시
452,에벤학원,중.고등 수학 전임/파트 타임 강사,경기 화성시,수학,08.25,채용시
453,GnB영어전문학원(부평캠퍼...,인천 계산동 [ 초등~고1 영어선생님 ] 모십니다,인천 계양구,영어,08.25,09.19
454,양나무수학학원,초중고 수학 강사 구인,경기 수원시,수학,08.25,채용시
455,신승환영어학원,-급구-초.중등부 영어 강사 (평택),경기 평택시,영어,08.25,채용시
456,서울탑텐 학습센터,서귀포 서울탑텐학원에서 함께 성장할 선생님을 모십니다.,제주 서귀포,수학,08.25,채용시
457,참된인재학원,■[고등영어]전임 선생님을 모십니다.,경기 부천시,영어,08.25,09.23
458,이룸 국영수 학원,인천 계양구 국어 선생님 모십니다,인천 계양구,국어,08.25,09.24
459,대한논리속독염창학원,국어 독서 논술 선생님을 채용 중 입니다.,서울 강서구,독서/논술,08.24,채용시
460,청운학원,"[의정부 청운]수능 영어 강사 모집 (주2일) 수,금",경기 의정부,영어,08.24,채용시
461,더채움해법영어수학학원,초등 수학 영어 학원 선생님 구인합니다,인천 서구,수학,08.24,채용시
462,이현주어학원,이현주어학원에서 선생님을 채용합니다.,서울 마포구,영어,08.24,09.23
463,갈매지앤비영어학원,"초등, 중등 전임 영어선생님 구합니다.",경기 구리시,영어,08.24,채용시
464,차수학앤국풍2000학원,"초.중등부 수학 국어강사 , 고등부 수학강사 전임, 파트  모집",경기 시흥시,수학,08.24,09.23
465,춘천종로엠스쿨,종로엠스쿨 춘천직영점 영어/수학/상담 선생님 모집,강원 춘천시,수학,08.24,채용시
466,뱅크스리어학원,산본역/고등부 화목 /2시간 파트 영어 강사/시급3만원,경기 군포시,영어,08.24,채용시
467,더웰학원,초/중등/고등부 수학강사 4분/영어강사2분  모십니다.,경기 수원시,수학,08.24,09.23
468,하이츠수학,이현주어학원에서 선생님을 채용합니다.,서울 마포구,영어,08.24,채용시
469,TMS이룸수학학원,[초/중등] 수학선생님을 모십니다.,인천 연수구,수학,08.24,채용시
470,아이비프렙&아르케 아카데...,중등부 내신 관리,서울 종로구,영어,08.24,09.23
471,루시앤입시학원,루시앤영어학원,대구 북구,영어,08.23,09.22
472,아이디어스 아카데미,수학 중등부 강사 모집합니다.,서울 구로구,수학,08.23,10.03
473,한솔플라톤(한솔교육),요즘 학교는 자기 생각을 묻고 답하는 플라톤 식,서울 마포구,독서/논술,08.23,09.22
474,자호수학,동탄 1신도시 수학학원에서 초중등 / 중고등선생님을 구합니다.,경기 화성시,수학,08.23,09.22
475,프린스턴수학전문,중고 수학강사를 채용중입니다.,경기 의정부,수학,08.23,09.22
476,제니스학원,수학 전임 선생님 구합니다.,부산 사하구,수학,08.23,채용시
477,삼성영어,초중 수학강사,인천 계양구,수학,08.23,채용시
478,한국영재교육센터수학학원,(종로학원하늘교육 분당정자) 초/중등 수학 강사 모집,경기 성남시,수학,08.23,09.22
479,리즈멘토 스터디,초중등 영어 선생님 모십니다!!,경기 김포시,영어,08.23,채용시
480,일퍼센트수학원,중등 / 고등 내신 대비 강사님 모십니다.,경기 광주시,수학,08.22,09.21
481,평촌설연고학원,"설연고학원 - 중, 고등부 수학 강사를모집합니다.",경기 안양시,수학,08.22,09.21
482,대성학원,[서인천 대성학원] 하반기 영어 수학 전임.파트선생님모집합니다,인천 서구,수학,08.22,09.21
483,아이빅학원,"초, 중등 수학강사 모집 주 2회(화, 금요일)",경기 용인시,수학,08.22,09.21
484,평내카이로스 수학학원,중등수학쌤,경기 남양주,수학,08.21,채용시
485,수학의숲,[목동 수학의숲] 초중고 주말 파트 수학 선생님/상담 선생님,서울 양천구,수학,08.21,채용시
486,해법독서논술 김주희국어,초중등국어논술 파트 강사 모집합니다.,경기 성남시,국어,08.21,09.20
487,수만휘기숙학원본원,기숙학원에서 열정적으로 학생들을 가르칠 강사님을 찾습니다,경기 안성시,수학,08.21,채용시
488,이스턴어학원,삼성영어에서 선생님 구합니다,경기 김포시,영어,08.21,채용시
489,(주)막강수학,"수학,영어 강사 모십니다.",서울 강남구,수학,08.21,채용시
490,삼성영어 서울서북부지사,초/중등 수학 선생님 모집,서울 마포구,수학,08.21,채용시
491,비투게더,온 오프 교육브랜드 비투게더 영어강사님 수학강사님 대모집,경기 의정부,영어,08.21,09.20
492,성공의신화학원,시흥은계지구 초등 논술 선생님 모십니다,경기 시흥시,국어,08.21,채용시
493,한정원수학영어학원,[남양주시 덕소][전임][주5일][중등수학],경기 남양주,수학,08.20,09.19
494,혜윰플러스학원,동탄2 초중 여자 전임선생님 모십니다. 근무시간1시~9시,경기 화성시,영어,08.20,채용시
495,하이블영수학원,[용인시 처인구] 인포데스크 / 영어 / 수학 선생님을 모십니다,경기 용인시,수학,08.20,09.19
496,잉글리시아이 학원,[용인 기흥구] 초등 / 중등 영어 선생님을 모십니다.,경기 용인시,영어,08.20,채용시
497,메가스터디교육,[메가스터디학원] 2022년 재수종합반 강사 공개채용,서울 서초구,국어,08.20,09.19
498,뉴베리어학원,중고등부 수업가능한 전임선생님 구인,경남 진주시,영어,08.20,채용시
499,카이스트수학과학 학원,서귀포 수학학원 초/중등 선생님 모십니다,제주 서귀포,수학,08.20,채용시
500,뮤엠영어곤지암학원,뮤엠영어 곤지암학원 영어선생님 모십니다.,경기 광주시,영어,08.20,09.19
501,아발론신도림어학원,마곡 케이투학원에서 중등부 국어선생님을 모십니다,서울 구로구,국어,08.20,채용시
502,김요안수학학원,광진구 자양동에서 근무하실 수학선생님을 모십니다.,서울 광진구,수학,08.20,09.19
503,헤일리학원,중고등부 영어 강사 모집,서울 서초구,영어,08.20,채용시
504,동화세상 에듀코,(주)동화세상 에듀코 인천지사 신입/경력 코치 모집,인천 부평구,자기주도/학습코칭,08.20,09.19
505,한솔영어수학학원,[비율제] 초/중등 수학선생님을 모십니다,인천 남동구,수학,08.20,채용시
506,에모리 영어,압구정쪽 영어 학원에서 백프로 영어 수업 가능한 선생님 찾아요,서울 강남구,영어,08.20,채용시
507,맥스탑플러스입시학원,중1~중3수학 화목토파트,경기 부천시,수학,08.19,채용시
508,한수연수학전문학원,우리 친구들과 재미나게 수업해주실 강사님 모십니다~,경기 여주시,수학,08.19,채용시
509,함쌤영어,중등부.고등부 전임/파트 영어 강사 및 질문방 아르바이트 모집,경기 시흥시,영어,08.19,09.18
510,위례 에듀플렉스,위례 에듀플렉스-학습코칭매니저를 모십니다.,경기 성남시,자기주도/학습코칭,08.19,채용시
511,더하이츠동탄학원,"중등 영어,수학 / 초등 사고력 선생님 구합니다",경기 화성시,영어,08.19,09.18
512,옳은(ORUN)영어,영어전문학원 초중등 전임선생님 모십니다.,서울 동작구,영어,08.19,09.18
513,옥정대성N학원,중1~고1 영어 전임 강사 모집,경기 양주시,영어,08.19,09.18
514,와이즈만 영재교육 노원센...,수학 교사 모집,서울 노원구,수학,08.19,채용시
515,메가스터디교육,[메가스터디 러셀] 단과강사채용 (수능 및 내신 - 전과목),서울 서초구,국어,08.19,09.18
516,신의수학,초 중등/ 중고 샘  동탄2 수학학원,경기 화성시,수학,08.19,09.18
517,윤선생영어숲 가락보습학...,윤선생 영어숲에서 강사님 모십니다,서울 송파구,영어,08.19,채용시
518,오르다샘앤플레이스,오르다와 자석가베로 수업가능한 센터선생님 구합니다.,서울 양천구,수학,08.19,09.16
519,위너스올인학원,강사모집,경기 시흥시,영어,08.18,09.17
520,연세SM학원,중등부/고등부 영어선생님 모십니다.,경기 의정부,영어,08.18,09.17
521,청람 학원,"영어-전임,파트 (초,중 내신관리) ( 화성시 병점동)",경기 화성시,영어,08.18,채용시
522,보라매유베스타어학원,"유베스타영어 초,중등 전임선생님 모십니다 :)",서울 영등포,영어,08.18,채용시
523,생각하는황소,생각하는 황소 동탄점 수학강사 및 자습관리교사 모집,경기 화성시,수학,08.18,09.17
524,카르마학원,수학 파트선생님 모십니다.,경기 안양시,수학,08.18,09.17
525,김홍학원,중등부 영어선생님 채용합니다.,서울 관악구,영어,08.18,09.17
526,이티영어전문학원,영어선생님이세요? 저희랑 같이 즐겁게 일해요^^,광주 북구,영어,08.18,채용시
527,윤 수학학원,초중등 수학 선생님 모십니다,서울 은평구,수학,08.18,09.17
528,정선생영어전문학원,수원광교 성장하는 영어전문학원에서 열정적인선생님을 모십니다,경기 수원시,영어,08.18,채용시
529,유클리드 수학학원,중고등부 전임 수학 강사님을 구합니다,경기 시흥시,수학,08.18,09.17
530,바른적성,"PSAT 및 NCS, 고등수학(수1, 수2) 강사 모집",서울 강남구,수학,08.18,09.17
531,마에스트로 수학전문학원,[수원 영통]초중등 수학 선생님 모십니다.,경기 수원시,수학,08.18,채용시
532,정오수학학원,중등부 수학/ 고등부 수학/ 고등부 과학,서울 마포구,수학,08.18,오늘마감
533,한뜻학원,초중등부 영어/수학 선생님을 모십니다.,경기 안산시,수학,08.18,09.17
534,루카스,국어논술교사를 모십니다.,경기 용인시,독서/논술,08.18,채용시
535,압구정한길국어학원,능력있는 국어선생님을 모십니다.(중고등),서울 강남구,국어,08.18,채용시
536,아나톨레수학영어학원,이중언어 영어강사 모집,경기 남양주,영어,08.18,채용시
537,탑플러스보습,초중등 수학 / 영어  선생님 모십니다,경기 부천시,수학,08.18,09.17
538,Herald Prime,"초등,중등영어 선생님 모십니다",경기 군포시,영어,08.17,09.16
539,문법의신,초.중등 영어강사님 구합니다.,경기 용인시,영어,08.17,09.16
540,상상학원,"초, 중등 수학선생님 모십니다.",부산 기장군,수학,08.17,채용시
541,정철어학원,"■■ 영어 선생님, 도전하세요^^",경기 시흥시,영어,08.17,09.16
542,라플라스수학학원,김포 풍무동 초중등 수학 파트(주3일) 선생님을 모십니다,경기 김포시,수학,08.17,09.16
543,세곡소마수학학원,세곡동 소마학원에서 중등부 선생님을 모십니다,서울 강남구,수학,08.17,09.16
544,(주)이씨엔교육,ECN 교육 대면수업 또는 Untact 강사 모집합니다.,서울 강북구,국어,08.17,09.16
545,core english,초 중등 강사 모집,부산 영도구,영어,08.17,채용시
546,애니스터디,파주 최대 규모학원! 고등부 국.영.수 / 초등영어 교수부장 구인,경기 파주시,국어,08.17,채용시
547,BMG,"국어, 과학, 영어 선생님을 모십니다~!",서울 서초구,국어,08.17,채용시
548,엘에스이학원,"중,고등 첨삭클리닉 쌤 모십니다!",경기 안양시,수학,08.17,채용시
549,하늘교육 남동에듀올지점,(주)종로학원하늘교육 인천남동지점 개인지도교사모집,인천 남동구,수학,08.17,09.16
550,에버윈영어학원,◁ 수원 주5일 중고등부 영어선생님을 모십니다 ▷,경기 수원시,영어,08.17,09.16
551,서율학원,"학원 강사(선생님) 채용합니다(국,영,수,사탐,과탐과목)",서울 서초구,국어,08.17,09.16
552,잉글리쉬무무학원,성실하신 여자 수학 선생님 모십니다,서울 동대문,수학,08.17,09.16
553,국영수디스터디,"당정/군포/산본 영어, 수학, 국어 강사 공고",경기 군포시,국어,08.17,채용시
554,프라우드 리더스 영어학원,송파위례 초등전문 영어학원 파트강사님 모십니다.,서울 송파구,영어,08.16,09.15
555,연세더탑학원,남양주 덕소 중고등 수학쌤 모십니다(,경기 남양주,수학,08.16,09.15
556,아이맥스학원,중고등부 영어선생님 모십니다.(월 ~ 금)(17:00~22:00),서울 영등포,영어,08.16,09.15
557,매쓰코어수학전문학원,(초중등부 파트 또는 전임) 시흥시 수학 전문 학원 [매쓰코어],경기 시흥시,수학,08.16,09.15
558,영통청담어학원 (주)나은,영통청담어학원 중고등부 강사 모집,경기 수원시,영어,08.16,09.15
559,VEL영어학원,[채용공고] 분당 수내동 초중등 영어 강사 모십니다~,경기 성남시,영어,08.16,채용시
560,쎈수학 초중고전문학원,현재는 채점알바 향후 초등수학강사로 희망하는 주부님 모십니다,경기 부천시,수학,08.16,09.15
561,비상잉글리시아이 북위례...,초중등 영어학원 선생님을 모십니다,경기 하남시,영어,08.16,채용시
562,(주) 뉴런 에듀,엔콕학원 중/고등 영어/수학 선생님 모집,서울 성북구,영어,08.15,채용시
563,킴스에듀케어학원,초등부 수학강사님을 모십니다,경기 수원시,수학,08.15,채용시
564,팀수학,시대인재 수학 강사입니다. 보조강사 채용합니다.,서울 강남구,수학,08.15,채용시
565,국어 하기 좋은 날,예비고1+고1 전임 국어 강사 모집,서울 양천구,국어,08.15,09.14
566,대성다수인학원,"* 초+중등, 중+고등 수학전임 선생님 환영합니다!",서울 강남구,수학,08.15,09.14
567,하이준,중.고등 수학.영어 과외선생님을 구합니다,충남 아산시,수학,08.15,채용시
568,플라밍고 잉글리쉬,부산 남구 유초중 사고력수학 교과수학 쌤 구해요~,부산 남구,수학,08.15,채용시
569,수학의 봄날 수학학원,중-고등 수학 파트 강사 / 중-고등 과학 주말 특강 강사 모집,경기 안양시,수학,08.14,오늘마감
570,김포 채움 학원,[김포시 영어][파트 OR 전임][주3일 OR 주6일][중1~고3],경기 김포시,영어,08.14,오늘마감
571,이루다수학과학학원,분당 이루다수학과학학원에서 수학선생님 모집합니다.,경기 성남시,수학,08.14,오늘마감
572,정선수학전문학원,고등부 수학강사님[전임]모집,서울 송파구,수학,08.10,채용시
