자료는 '가나다' 순으로 정렬되어 있습니다.,,,,,,,
학년도,고교명,고교소재지,수시,정시,합계,,
2017,가락고등학교,서울,1,1,2,,
2017,가림고등학교,인천,3,0,3,,
2017,가온고등학교,경기,0,1,1,,
2017,가평고등학교,경기,1,0,1,,
2017,강동고등학교,서울,1,0,1,,
2017,강동고등학교,대구,1,0,1,,
2017,강릉고등학교,강원,1,0,1,,
2017,강릉명륜고등학교,강원,1,0,1,,
2017,강릉여자고등학교,강원,1,0,1,,
2017,강릉제일고등학교,강원,1,0,1,,
2017,강북고등학교,대구,2,0,2,,
2017,강서고등학교,서울,2,15,17,,
2017,강원고등학교,강원,1,0,1,,
2017,강원과학고등학교,강원,1,0,1,,
2017,강원대학교사범대학부설고등학교,강원,0,1,1,,
2017,강원외국어고등학교,강원,1,2,3,,
2017,강일고등학교,서울,1,1,2,,
2017,강화고등학교,인천,2,0,2,,
2017,강화여자고등학교,인천,1,0,1,,
2017,개성고등학교,부산,1,1,2,,
2017,개포고등학교,서울,4,3,7,,
2017,거제고등학교,경남,2,0,2,,
2017,거제제일고등학교,경남,1,0,1,,
2017,거창대성고등학교,경남,4,2,6,,
2017,거창여자고등학교,경남,1,0,1,,
2017,건국대학교사범대학부속고등학교,서울,3,0,3,,
2017,건양대학교병설건양고등학교,충남,1,0,1,,
2017,경기고등학교,서울,6,7,13,,
2017,경기과학고등학교,경기,54,0,54,,
2017,경기북과학고등학교,경기,7,0,7,,
2017,경기여자고등학교,서울,8,2,10,,
2017,경기예술고등학교,경기,3,0,3,,
2017,경기외국어고등학교,경기,12,7,19,,
2017,경기창조고등학교,경기,1,0,1,,
2017,경남과학고등학교,경남,13,0,13,,
2017,경남예술고등학교,경남,2,0,2,,
2017,경남외국어고등학교,경남,2,0,2,,
2017,경명여자고등학교,대구,1,0,1,,
2017,경문고등학교,서울,3,6,9,,
2017,경복고등학교,서울,1,1,2,,
2017,경북고등학교,대구,1,0,1,,
2017,경북과학고등학교,경북,2,0,2,,
2017,경북여자고등학교,대구,2,0,2,,
2017,경북예술고등학교,대구,3,0,3,,
2017,경북외국어고등학교,경북,2,2,4,,
2017,경산과학고등학교,경북,2,0,2,,
2017,경산여자고등학교,경북,1,0,1,,
2017,경상고등학교,대구,1,0,1,,
2017,경상대학교사범대학부설고등학교,경남,1,0,1,,
2017,경상여자고등학교,대구,2,0,2,,
2017,경성고등학교,서울,2,0,2,,
2017,경신고등학교,서울,0,1,1,,
2017,경신고등학교,대구,3,3,6,,
2017,경안여자고등학교,경북,1,0,1,,
2017,경원고등학교,대구,2,0,2,,
2017,경일여자고등학교,대구,1,3,4,,
2017,경주고등학교,경북,3,2,5,,
2017,경해여자고등학교,경남,1,0,1,,
2017,경화여자고등학교,경기,1,0,1,,
2017,경화여자고등학교,대구,1,0,1,,
2017,경희고등학교,서울,1,2,3,,
2017,경희여자고등학교,서울,2,0,2,,
2017,계산여자고등학교,인천,2,0,2,,
2017,계성고등학교,서울,1,0,1,,
2017,계성고등학교,대구,1,5,6,,
2017,계양고등학교,인천,1,0,1,,
2017,계원예술고등학교,경기,6,1,7,,
2017,고려고등학교,광주,5,4,9,,
2017,고색고등학교,경기,1,0,1,,
2017,고성고등학교,강원,1,0,1,,
2017,고양국제고등학교,경기,8,4,12,,
2017,고양예술고등학교,경기,1,0,1,,
2017,고양외국어고등학교,경기,7,12,19,,
2017,고양일고등학교,경기,1,0,1,,
2017,고창북고등학교,전북,1,0,1,,
2017,공주고등학교,충남,1,0,1,,
2017,공주대학교사범대학부설고등학교,충남,5,10,15,,
2017,공항고등학교,서울,0,1,1,,
2017,과천고등학교,경기,1,0,1,,
2017,과천여자고등학교,경기,2,1,3,,
2017,과천외국어고등학교,경기,10,4,14,,
2017,과천중앙고등학교,경기,0,1,1,,
2017,관악고등학교,서울,2,2,4,,
2017,관양고등학교,경기,1,0,1,,
2017,광교고등학교,경기,1,0,1,,
2017,광남고등학교,서울,4,3,7,,
2017,광덕고등학교,광주,4,0,4,,
2017,광동고등학교,경기,2,0,2,,
2017,광명북고등학교,경기,3,1,4,,
2017,광문고등학교,경기,1,0,1,,
2017,광문고등학교,서울,1,0,1,,
2017,광성고등학교,서울,2,0,2,,
2017,광성고등학교,인천,1,0,1,,
2017,광신고등학교,서울,1,0,1,,
2017,광양제철고등학교,전남,5,1,6,,
2017,광영고등학교,서울,0,1,1,,
2017,광영여자고등학교,서울,1,0,1,,
2017,광주경신여자고등학교,광주,1,0,1,,
2017,광주과학고등학교,광주,11,0,11,,
2017,광주대동고등학교,광주,2,1,3,,
2017,광주동성고등학교,광주,2,0,2,,
2017,광주동신고등학교,광주,2,0,2,,
2017,광주동신여자고등학교,광주,1,0,1,,
2017,광주서석고등학교,광주,4,2,6,,
2017,광주석산고등학교,광주,2,0,2,,
2017,광주세광학교,광주,0,1,1,,
2017,광주수피아여자고등학교,광주,1,0,1,,
2017,광주숭일고등학교,광주,3,1,4,,
2017,광주인성고등학교,광주,0,1,1,,
2017,광주진흥고등학교,광주,1,0,1,,
2017,광혜원고등학교,충북,1,0,1,,
2017,광휘고등학교,경기,1,1,2,,
2017,교하고등학교,경기,1,1,2,,
2017,구로고등학교,서울,1,0,1,,
2017,구리고등학교,경기,0,1,1,,
2017,구미고등학교,경북,1,0,1,,
2017,구성고등학교,경기,1,0,1,,
2017,구암고등학교,서울,2,0,2,,
2017,구일고등학교,서울,1,0,1,,
2017,구현고등학교,서울,1,1,2,,
2017,국립국악고등학교,서울,23,0,23,,
2017,국립전통예술고등학교,서울,3,0,3,,
2017,국제고등학교,광주,1,0,1,,
2017,군산고등학교,전북,1,0,1,,
2017,군산여자고등학교,전북,1,0,1,,
2017,군산제일고등학교,전북,1,1,2,,
2017,군위고등학교,경북,1,0,1,,
2017,군포고등학교,경기,1,4,5,,
2017,금산고등학교,충남,1,0,1,,
2017,금성고등학교,부산,2,0,2,,
2017,금옥여자고등학교,서울,1,0,1,,
2017,금호고등학교,광주,1,0,1,,
2017,기흥고등학교,경기,0,1,1,,
2017,김천고등학교,경북,7,1,8,,
2017,김천예술고등학교,경북,2,0,2,,
2017,김포고등학교,경기,5,1,6,,
2017,김포외국어고등학교,경기,3,1,4,,
2017,김해고등학교,경남,1,0,1,,
2017,김해외국어고등학교,경남,3,2,5,,
2017,김해제일고등학교,경남,1,0,1,,
2017,김화고등학교,강원,1,0,1,,
2017,나루고등학교,경기,1,0,1,,
2017,낙생고등학교,경기,5,8,13,,
2017,남강고등학교,서울,1,1,2,,
2017,남녕고등학교,제주,3,1,4,,
2017,남성고등학교,전북,4,0,4,,
2017,남악고등학교,전남,1,0,1,,
2017,남주고등학교,제주,1,0,1,,
2017,남창고등학교,울산,1,0,1,,
2017,남해해성고등학교,경남,3,2,5,,
2017,노원고등학교,서울,1,0,1,,
2017,논산고등학교,충남,1,0,1,,
2017,논산대건고등학교,충남,2,1,3,,
2017,누원고등학교,서울,0,2,2,,
2017,늘푸른고등학교,경기,1,0,1,,
2017,능인고등학교,대구,4,0,4,,
2017,능주고등학교,전남,2,0,2,,
2017,다사고등학교,대구,2,1,3,,
2017,단국대학교사범대학부속고등학교,서울,8,17,25,,
2017,달성고등학교,대구,1,0,1,,
2017,담양고등학교,전남,1,0,1,,
2017,당곡고등학교,서울,0,1,1,,
2017,대가야고등학교,경북,1,0,1,,
2017,대건고등학교,대구,1,3,4,,
2017,대광고등학교,서울,1,2,3,,
2017,대광여자고등학교,광주,2,1,3,,
2017,대구가톨릭대학교사범대학부속무학고등학교,경북,1,0,1,,
2017,대구고등학교,대구,4,0,4,,
2017,대구과학고등학교,대구,29,0,29,,
2017,대구남산고등학교,대구,2,1,3,,
2017,대구상원고등학교,대구,1,0,1,,
2017,대구여자고등학교,대구,5,2,7,,
2017,대구외국어고등학교,대구,4,7,11,,
2017,대구일과학고등학교,대구,5,1,6,,
2017,대구혜화여자고등학교,대구,2,1,3,,
2017,대기고등학교,제주,3,0,3,,
2017,대덕고등학교,대전,2,3,5,,
2017,대동고등학교,경북,0,1,1,,
2017,대동고등학교,부산,2,0,2,,
2017,대륜고등학교,대구,1,5,6,,
2017,대산고등학교,충남,1,0,1,,
2017,대성고등학교,대전,1,6,7,,
2017,대성고등학교,서울,5,0,5,,
2017,대성여자고등학교,광주,2,0,2,,
2017,대소금왕고등학교,충북,1,0,1,,
2017,대아고등학교,경남,1,0,1,,
2017,대연고등학교,부산,0,2,2,,
2017,대영고등학교,경북,4,1,5,,
2017,대원고등학교,대구,2,0,2,,
2017,대원고등학교,서울,2,0,2,,
2017,대원여자고등학교,서울,6,0,6,,
2017,대원외국어고등학교,서울,42,13,55,,
2017,대인고등학교,인천,1,0,1,,
2017,대일고등학교,서울,5,2,7,,
2017,대일외국어고등학교,서울,27,4,31,,
2017,대전고등학교,대전,1,0,1,,
2017,대전과학고등학교,대전,38,0,38,,
2017,대전괴정고등학교,대전,1,0,1,,
2017,대전구봉고등학교,대전,2,0,2,,
2017,대전국제통상고등학교,대전,1,0,1,,
2017,대전노은고등학교,대전,2,2,4,,
2017,대전대신고등학교,대전,1,0,1,,
2017,대전동산고등학교,대전,1,0,1,,
2017,대전동신과학고등학교,대전,6,0,6,,
2017,대전만년고등학교,대전,2,1,3,,
2017,대전반석고등학교,대전,2,0,2,,
2017,대전성모여자고등학교,대전,1,0,1,,
2017,대전여자고등학교,대전,3,0,3,,
2017,대전예술고등학교,대전,4,0,4,,
2017,대전외국어고등학교,대전,13,8,21,,
2017,대전용산고등학교,대전,1,0,1,,
2017,대전이문고등학교,대전,1,0,1,,
2017,대전전민고등학교,대전,2,1,3,,
2017,대전중앙고등학교,대전,2,0,2,,
2017,대지고등학교,경기,1,0,1,,
2017,대진고등학교,서울,5,4,9,,
2017,대진여자고등학교,서울,5,1,6,,
2017,대천여자고등학교,충남,0,1,1,,
2017,대평고등학교,경기,2,0,2,,
2017,대화고등학교,경기,1,0,1,,
2017,덕성여자고등학교,서울,3,0,3,,
2017,덕소고등학교,경기,2,0,2,,
2017,덕수고등학교,서울,1,0,1,,
2017,덕신고등학교,인천,1,0,1,,
2017,덕원고등학교,대구,2,1,3,,
2017,덕원여자고등학교,서울,3,1,4,,
2017,덕원예술고등학교,서울,4,0,4,,
2017,덕이고등학교,경기,0,1,1,,
2017,도당고등학교,경기,1,0,1,,
2017,도림고등학교,인천,1,0,1,,
2017,도원고등학교,대구,1,0,1,,
2017,도초고등학교,전남,1,0,1,,
2017,돌마고등학교,경기,0,3,3,,
2017,동국대학교사범대학부속고등학교,서울,1,1,2,,
2017,동국대학교사범대학부속여자고등학교,서울,2,0,2,,
2017,동대전고등학교,대전,1,0,1,,
2017,동덕여자고등학교,서울,3,1,4,,
2017,동두천고등학교,경기,1,0,1,,
2017,동두천외국어고등학교,경기,2,1,3,,
2017,동래고등학교,부산,4,1,5,,
2017,동래여자고등학교,부산,0,1,1,,
2017,동명여자고등학교,서울,1,0,1,,
2017,동방고등학교,대전,1,0,1,,
2017,동백고등학교,경기,1,1,2,,
2017,동북고등학교,서울,2,2,4,,
2017,동성고등학교,서울,1,1,2,,
2017,동아고등학교,부산,6,0,6,,
2017,동안고등학교,경기,1,0,1,,
2017,동암고등학교,전북,2,0,2,,
2017,동양고등학교,서울,1,1,2,,
2017,동우여자고등학교,경기,1,0,1,,
2017,동원고등학교,경기,2,1,3,,
2017,동원고등학교,경남,1,0,1,,
2017,동인고등학교,부산,1,0,1,,
2017,동작고등학교,서울,1,0,1,,
2017,동지고등학교,경북,1,0,1,,
2017,동천고등학교,부산,1,1,2,,
2017,동탄고등학교,경기,0,3,3,,
2017,동탄국제고등학교,경기,5,5,10,,
2017,동화고등학교,경기,5,4,9,,
2017,둔촌고등학교,서울,2,0,2,,
2017,마산여자고등학교,경남,1,0,1,,
2017,마산제일고등학교,경남,0,1,1,,
2017,마산제일여자고등학교,경남,0,1,1,,
2017,마산중앙고등학교,경남,1,0,1,,
2017,마석고등학교,경기,1,0,1,,
2017,마포고등학교,서울,5,1,6,,
2017,면목고등학교,서울,1,0,1,,
2017,명덕고등학교,서울,3,1,4,,
2017,명덕여자고등학교,서울,1,0,1,,
2017,명덕외국어고등학교,서울,14,1,15,,
2017,명문고등학교,경기,2,0,2,,
2017,명일여자고등학교,서울,3,0,3,,
2017,명지고등학교,서울,4,0,4,,
2017,모락고등학교,경기,1,0,1,,
2017,목동고등학교,서울,2,4,6,,
2017,목포고등학교,전남,1,0,1,,
2017,목포덕인고등학교,전남,1,1,2,,
2017,목포정명여자고등학교,전남,1,0,1,,
2017,목포홍일고등학교,전남,2,1,3,,
2017,무학여자고등학교,서울,1,0,1,,
2017,문경여자고등학교,경북,1,0,1,,
2017,문산고등학교,경기,1,0,1,,
2017,문산수억고등학교,경기,1,0,1,,
2017,문성고등학교,광주,1,0,1,,
2017,문일고등학교,서울,2,1,3,,
2017,문일여자고등학교,인천,3,0,3,,
2017,문정고등학교,서울,2,0,2,,
2017,문화고등학교,경북,1,0,1,,
2017,물금고등학교,경남,1,0,1,,
2017,미림여자고등학교,서울,3,1,4,,
2017,미추홀외국어고등학교,인천,6,0,6,,
2017,민족사관고등학교,강원,34,6,40,,
2017,밀양고등학교,경남,2,0,2,,
2017,반송고등학교,경기,1,0,1,,
2017,반여고등학교,부산,1,0,1,,
2017,반포고등학교,서울,9,5,14,,
2017,방산고등학교,서울,1,1,2,,
2017,배명고등학교,서울,3,0,3,,
2017,배재고등학교,서울,6,6,12,,
2017,배화여자고등학교,서울,4,1,5,,
2017,백령고등학교,인천,1,0,1,,
2017,백마고등학교,경기,1,0,1,,
2017,백석고등학교,경기,5,1,6,,
2017,백신고등학교,경기,0,1,1,,
2017,백암고등학교,서울,1,0,1,,
2017,백양고등학교,경기,1,0,1,,
2017,백영고등학교,경기,1,3,4,,
2017,벌교고등학교,전남,1,0,1,,
2017,범박고등학교,경기,1,0,1,,
2017,병점고등학교,경기,0,2,2,,
2017,보문고등학교,광주,1,0,1,,
2017,보문고등학교,대전,4,0,4,,
2017,보성고등학교,서울,3,3,6,,
2017,보인고등학교,서울,5,3,8,,
2017,보정고등학교,경기,1,1,2,,
2017,보평고등학교,경기,1,1,2,,
2017,복자여자고등학교,충남,3,0,3,,
2017,부개고등학교,인천,1,0,1,,
2017,부개여자고등학교,인천,2,0,2,,
2017,부경고등학교,부산,0,1,1,,
2017,부곡고등학교,경기,1,0,1,,
2017,부광고등학교,인천,1,0,1,,
2017,부명고등학교,경기,1,1,2,,
2017,부산고등학교,부산,1,0,1,,
2017,부산과학고등학교,부산,10,0,10,,
2017,부산국제고등학교,부산,6,3,9,,
2017,부산국제외국어고등학교,부산,3,2,5,,
2017,부산남고등학교,부산,1,0,1,,
2017,부산남일고등학교,부산,1,0,1,,
2017,부산대학교사범대학부설고등학교,부산,1,0,1,,
2017,부산여자고등학교,부산,1,0,1,,
2017,부산예술고등학교,부산,2,0,2,,
2017,부산외국어고등학교,부산,5,7,12,,
2017,부산일과학고등학교,부산,4,0,4,,
2017,부산장안고등학교,부산,7,0,7,,
2017,부산중앙여자고등학교,부산,1,0,1,,
2017,부산진고등학교,부산,0,1,1,,
2017,부산진여자고등학교,부산,1,0,1,,
2017,부일외국어고등학교,부산,2,1,3,,
2017,부천고등학교,경기,1,2,3,,
2017,부천여자고등학교,경기,1,0,1,,
2017,부평여자고등학교,인천,2,0,2,,
2017,부흥고등학교,경기,4,2,6,,
2017,부흥고등학교,부산,2,0,2,,
2017,북일고등학교,충남,11,5,16,,
2017,북일여자고등학교,충남,2,0,2,,
2017,북평여자고등학교,강원,1,0,1,,
2017,분당고등학교,경기,2,5,7,,
2017,분당대진고등학교,경기,5,4,9,,
2017,분당영덕여자고등학교,경기,3,1,4,,
2017,분당중앙고등학교,경기,5,2,7,,
2017,불곡고등학교,경기,3,0,3,,
2017,불암고등학교,서울,3,1,4,,
2017,브니엘고등학교,부산,2,0,2,,
2017,빛고을고등학교,광주,1,0,1,,
2017,사직여자고등학교,부산,0,1,1,,
2017,산남고등학교,충북,1,1,2,,
2017,살레시오고등학교,광주,2,1,3,,
2017,삼괴고등학교,경기,1,0,1,,
2017,삼성고등학교,서울,1,0,1,,
2017,삼척고등학교,강원,1,0,1,,
2017,삼척여자고등학교,강원,1,0,1,,
2017,삼현여자고등학교,경남,1,1,2,,
2017,상계고등학교,서울,1,1,2,,
2017,상동고등학교,경기,0,1,1,,
2017,상명고등학교,서울,1,0,1,,
2017,상명대학교사범대학부속여자고등학교,서울,1,0,1,,
2017,상문고등학교,서울,10,1,11,,
2017,상산고등학교,전북,13,34,47,,
2017,상암고등학교,서울,1,0,1,,
2017,상우고등학교,경기,1,0,1,,
2017,상원고등학교,경기,0,1,1,,
2017,상인고등학교,대구,1,0,1,,
2017,상일고등학교,경기,0,1,1,,
2017,상일여자고등학교,서울,3,1,4,,
2017,상주고등학교,경북,0,1,1,,
2017,상주여자고등학교,경북,1,0,1,,
2017,상지여자고등학교,경북,1,0,1,,
2017,서강고등학교,광주,3,0,3,,
2017,서귀포여자고등학교,제주,1,0,1,,
2017,서대전고등학교,대전,3,1,4,,
2017,서라벌고등학교,서울,4,3,7,,
2017,서령고등학교,충남,1,0,1,,
2017,서문여자고등학교,서울,3,2,5,,
2017,서운고등학교,인천,1,0,1,,
2017,서울고등학교,서울,14,7,21,,
2017,서울과학고등학교,서울,59,4,63,,
2017,서울국제고등학교,서울,8,7,15,,
2017,서울대학교사범대학부설고등학교,서울,3,0,3,,
2017,서울문영여자고등학교,서울,1,0,1,,
2017,서울미술고등학교,서울,2,0,2,,
2017,서울삼육고등학교,경기,0,1,1,,
2017,서울세종고등학교,서울,1,2,3,,
2017,서울여자고등학교,서울,2,0,2,,
2017,서울예술고등학교,서울,80,2,82,,
2017,서울외국어고등학교,서울,2,0,2,,
2017,서일고등학교,충남,2,0,2,,
2017,서창고등학교,경남,1,0,1,,
2017,서천여자고등학교,충남,1,0,1,,
2017,서초고등학교,서울,6,2,8,,
2017,서현고등학교,경기,1,8,9,,
2017,석정여자고등학교,강원,1,0,1,,
2017,선덕고등학교,서울,3,8,11,,
2017,선정고등학교,서울,0,1,1,,
2017,선화여자고등학교,경북,2,0,2,,
2017,선화예술고등학교,서울,27,0,27,,
2017,성광고등학교,대구,2,0,2,,
2017,성남고등학교,서울,2,0,2,,
2017,성남외국어고등학교,경기,6,5,11,,
2017,성도고등학교,부산,1,0,1,,
2017,성보고등학교,서울,2,0,2,,
2017,성산고등학교,대구,1,0,1,,
2017,성신고등학교,울산,2,1,3,,
2017,성신여자고등학교,서울,1,0,1,,
2017,성의고등학교,경북,1,0,1,,
2017,성일여자고등학교,부산,1,1,2,,
2017,성주고등학교,경북,2,0,2,,
2017,성지고등학교,경기,1,0,1,,
2017,성지고등학교,부산,1,0,1,,
2017,성지여자고등학교,경남,1,0,1,,
2017,성화여자고등학교,대구,1,0,1,,
2017,세광고등학교,충북,5,2,7,,
2017,세마고등학교,경기,1,10,11,,
2017,세명고등학교,경북,1,1,2,,
2017,세일고등학교,인천,2,3,5,,
2017,세종고등학교,경남,1,0,1,,
2017,세종고등학교,세종,1,1,2,,
2017,세종과학고등학교,서울,15,0,15,,
2017,세종국제고등학교,세종,5,0,5,,
2017,세화고등학교,제주,1,0,1,,
2017,세화고등학교,서울,6,21,27,,
2017,세화여자고등학교,서울,5,9,14,,
2017,소래고등학교,경기,1,0,1,,
2017,송곡여자고등학교,서울,1,0,1,,
2017,송내고등학교,경기,0,1,1,,
2017,송도고등학교,인천,7,3,10,,
2017,송림고등학교,경기,1,0,1,,
2017,송우고등학교,경기,1,1,2,,
2017,송원고등학교,광주,1,0,1,,
2017,송원여자고등학교,광주,1,0,1,,
2017,송현고등학교,경기,0,1,1,,
2017,송현여자고등학교,대구,1,0,1,,
2017,수내고등학교,경기,3,2,5,,
2017,수도여자고등학교,서울,2,0,2,,
2017,수명고등학교,서울,2,0,2,,
2017,수성고등학교,경기,4,1,5,,
2017,수성고등학교,대구,1,0,1,,
2017,수원고등학교,경기,4,0,4,,
2017,수원농생명과학고등학교,경기,2,0,2,,
2017,수원여자고등학교,경기,1,0,1,,
2017,수원외국어고등학교,경기,8,3,11,,
2017,수일고등학교,경기,1,0,1,,
2017,수지고등학교,경기,8,15,23,,
2017,수택고등학교,경기,1,0,1,,
2017,숙명여자고등학교,서울,6,11,17,,
2017,순심고등학교,경북,1,0,1,,
2017,순심여자고등학교,경북,1,0,1,,
2017,순창제일고등학교,전북,1,0,1,,
2017,순천강남여자고등학교,전남,1,0,1,,
2017,순천고등학교,전남,1,0,1,,
2017,순천금당고등학교,전남,1,0,1,,
2017,순천매산고등학교,전남,1,0,1,,
2017,순천매산여자고등학교,전남,2,0,2,,
2017,순천복성고등학교,전남,1,0,1,,
2017,순천여자고등학교,전남,1,0,1,,
2017,순천팔마고등학교,전남,1,1,2,,
2017,순천효천고등학교,전남,1,0,1,,
2017,숭덕고등학교,광주,2,8,10,,
2017,숭덕여자고등학교,인천,2,0,2,,
2017,숭문고등학교,서울,1,3,4,,
2017,숭실고등학교,서울,2,0,2,,
2017,숭의여자고등학교,서울,2,2,4,,
2017,신도고등학교,부산,1,1,2,,
2017,신도고등학교,서울,1,0,1,,
2017,신도림고등학교,서울,0,1,1,,
2017,신림고등학교,서울,1,0,1,,
2017,신명고등학교,대구,1,0,1,,
2017,신목고등학교,서울,4,2,6,,
2017,신서고등학교,서울,0,1,1,,
2017,신성고등학교,경기,3,6,9,,
2017,신성여자고등학교,제주,4,0,4,,
2017,신송고등학교,인천,2,0,2,,
2017,신일고등학교,서울,1,4,5,,
2017,신정고등학교,울산,1,0,1,,
2017,신한고등학교,경기,3,0,3,,
2017,신현고등학교,서울,1,0,1,,
2017,심석고등학교,경기,1,0,1,,
2017,안곡고등학교,경기,1,0,1,,
2017,안남고등학교,인천,1,0,1,,
2017,안동고등학교,경북,1,0,1,,
2017,안법고등학교,경기,1,0,1,,
2017,안산고등학교,경기,1,0,1,,
2017,안산동산고등학교,경기,17,16,33,,
2017,안양여자고등학교,경기,1,0,1,,
2017,안양예술고등학교,경기,1,0,1,,
2017,안양외국어고등학교,경기,9,6,15,,
2017,압구정고등학교,서울,4,2,6,,
2017,야탑고등학교,경기,4,0,4,,
2017,양명고등학교,경기,1,2,3,,
2017,양명여자고등학교,경기,1,1,2,,
2017,양산제일고등학교,경남,5,0,5,,
2017,양서고등학교,경기,2,12,14,,
2017,양양고등학교,강원,1,0,1,,
2017,양일고등학교,경기,3,0,3,,
2017,양재고등학교,서울,6,2,8,,
2017,양정고등학교,부산,1,0,1,,
2017,양정고등학교,서울,2,11,13,,
2017,양주고등학교,경기,0,1,1,,
2017,양천고등학교,서울,3,1,4,,
2017,양청고등학교,충북,1,0,1,,
2017,언남고등학교,서울,0,1,1,,
2017,언양고등학교,울산,1,0,1,,
2017,여수고등학교,전남,2,0,2,,
2017,여의도고등학교,서울,3,1,4,,
2017,여의도여자고등학교,서울,3,0,3,,
2017,여주자영농업고등학교,경기,1,0,1,,
2017,연무고등학교,충남,1,0,1,,
2017,연수고등학교,인천,1,1,2,,
2017,연수여자고등학교,인천,2,0,2,,
2017,영광여자고등학교,경북,1,0,1,,
2017,영남고등학교,대구,2,0,2,,
2017,영덕고등학교,경기,1,0,1,,
2017,영동고등학교,경북,0,1,1,,
2017,영동고등학교,서울,3,6,9,,
2017,영동고등학교,충북,1,0,1,,
2017,영동일고등학교,서울,3,2,5,,
2017,영복여자고등학교,경기,1,1,2,,
2017,영신여자고등학교,경기,1,0,1,,
2017,영신여자고등학교,서울,2,2,4,,
2017,영암고등학교,전남,1,0,1,,
2017,영양여자고등학교,경북,1,0,1,,
2017,영월고등학교,강원,1,0,1,,
2017,영일고등학교,경북,1,0,1,,
2017,영일고등학교,서울,1,2,3,,
2017,영주제일고등학교,경북,1,0,1,,
2017,영천여자고등학교,경북,1,0,1,,
2017,영파여자고등학교,서울,2,0,2,,
2017,영훈고등학교,서울,3,0,3,,
2017,영흥고등학교,전남,2,0,2,,
2017,예산고등학교,충남,1,0,1,,
2017,예일여자고등학교,서울,7,1,8,,
2017,오금고등학교,서울,4,0,4,,
2017,오산고등학교,서울,3,0,3,,
2017,오상고등학교,경북,2,0,2,,
2017,오성고등학교,대구,1,0,1,,
2017,오송고등학교,충북,2,0,2,,
2017,오현고등학교,제주,2,0,2,,
2017,옥천고등학교,충북,1,0,1,,
2017,온양고등학교,충남,1,0,1,,
2017,온양여자고등학교,충남,1,0,1,,
2017,와부고등학교,경기,2,4,6,,
2017,완산고등학교,전북,1,0,1,,
2017,용남고등학교,충남,2,0,2,,
2017,용문고등학교,서울,0,1,1,,
2017,용산고등학교,서울,4,0,4,,
2017,용인고등학교,부산,1,0,1,,
2017,용인한국외국어대학교부설고등학교,경기,39,35,74,,
2017,용화여자고등학교,서울,2,2,4,,
2017,우석고등학교,전북,1,0,1,,
2017,우석여자고등학교,경북,1,0,1,,
2017,우성고등학교,경기,0,3,3,,
2017,우송고등학교,대전,1,0,1,,
2017,우신고등학교,울산,5,1,6,,
2017,우신고등학교,서울,2,0,2,,
2017,운남고등학교,광주,1,0,1,,
2017,운양고등학교,경기,1,0,1,,
2017,운정고등학교,경기,1,12,13,,
2017,운중고등학교,경기,1,1,2,,
2017,운호고등학교,충북,2,0,2,,
2017,울산강남고등학교,울산,1,0,1,,
2017,울산과학고등학교,울산,10,0,10,,
2017,울산여자고등학교,울산,2,0,2,,
2017,울산외국어고등학교,울산,1,1,2,,
2017,울산제일고등학교,울산,1,1,2,,
2017,울산중앙여자고등학교,울산,1,0,1,,
2017,원광여자고등학교,전북,1,0,1,,
2017,원주고등학교,강원,1,1,2,,
2017,원주삼육고등학교,강원,1,0,1,,
2017,원주여자고등학교,강원,1,0,1,,
2017,원통고등학교,강원,1,0,1,,
2017,월계고등학교,서울,1,0,1,,
2017,유봉여자고등학교,강원,1,0,1,,
2017,유성고등학교,대전,1,0,1,,
2017,유성여자고등학교,대전,2,0,2,,
2017,유신고등학교,경기,3,3,6,,
2017,은광여자고등학교,서울,7,3,10,,
2017,의왕고등학교,경기,1,0,1,,
2017,이리고등학교,전북,2,0,2,,
2017,이리남성여자고등학교,전북,1,0,1,,
2017,이매고등학교,경기,5,1,6,,
2017,이사벨고등학교,부산,1,0,1,,
2017,이서고등학교,경북,1,0,1,,
2017,이우고등학교,경기,0,1,1,,
2017,이천고등학교,경기,0,1,1,,
2017,이천양정여자고등학교,경기,2,0,2,,
2017,이화여자고등학교,서울,4,2,6,,
2017,이화여자대학교사범대학부속이화금란고등학교,서울,5,1,6,,
2017,이화여자외국어고등학교,서울,4,0,4,,
2017,익산고등학교,전북,3,1,4,,
2017,인명여자고등학교,인천,2,0,2,,
2017,인일여자고등학교,인천,3,0,3,,
2017,인제고등학교,강원,1,0,1,,
2017,인제고등학교,인천,2,0,2,,
2017,인창고등학교,서울,3,0,3,,
2017,인천고등학교,인천,1,0,1,,
2017,인천고잔고등학교,인천,1,0,1,,
2017,인천과학고등학교,인천,6,0,6,,
2017,인천국제고등학교,인천,7,10,17,,
2017,인천남고등학교,인천,1,0,1,,
2017,인천남동고등학교,인천,1,1,2,,
2017,인천대건고등학교,인천,1,0,1,,
2017,인천부흥고등학교,인천,1,0,1,,
2017,인천산곡고등학교,인천,1,0,1,,
2017,인천송천고등학교,인천,1,0,1,,
2017,인천신현고등학교,인천,1,0,1,,
2017,인천여자고등학교,인천,2,0,2,,
2017,인천연송고등학교,인천,1,0,1,,
2017,인천영선고등학교,인천,1,0,1,,
2017,인천영종고등학교,인천,1,0,1,,
2017,인천예술고등학교,인천,1,0,1,,
2017,인천외국어고등학교,인천,1,3,4,,
2017,인천원당고등학교,인천,2,0,2,,
2017,인천진산과학고등학교,인천,2,0,2,,
2017,인천하늘고등학교,인천,6,3,9,,
2017,인천해송고등학교,인천,2,1,3,,
2017,인천효성고등학교,인천,1,0,1,,
2017,인항고등학교,인천,2,0,2,,
2017,인헌고등학교,서울,2,0,2,,
2017,인화여자고등학교,인천,1,0,1,,
2017,일산대진고등학교,경기,5,2,7,,
2017,자운고등학교,서울,0,1,1,,
2017,작전고등학교,인천,1,0,1,,
2017,잠신고등학교,서울,2,4,6,,
2017,잠실고등학교,서울,1,1,2,,
2017,잠실여자고등학교,서울,3,0,3,,
2017,잠일고등학교,서울,0,2,2,,
2017,장곡고등학교,경기,1,0,1,,
2017,장성고등학교,전남,1,1,2,,
2017,장안제일고등학교,부산,2,0,2,,
2017,장충고등학교,서울,1,0,1,,
2017,장호원고등학교,경기,1,0,1,,
2017,장훈고등학교,서울,0,5,5,,
2017,재현고등학교,서울,4,0,4,,
2017,저동고등학교,경기,3,0,3,,
2017,저현고등학교,경기,1,3,4,,
2017,전남과학고등학교,전남,2,0,2,,
2017,전남대학교사범대학부설고등학교,광주,1,0,1,,
2017,전남외국어고등학교,전남,1,1,2,,
2017,전라고등학교,전북,0,1,1,,
2017,전북과학고등학교,전북,2,2,4,,
2017,전북대학교사범대학부설고등학교,전북,0,1,1,,
2017,전북외국어고등학교,전북,1,1,2,,
2017,전일고등학교,전북,1,0,1,,
2017,전주고등학교,전북,2,0,2,,
2017,전주기전여자고등학교,전북,1,0,1,,
2017,전주성심여자고등학교,전북,1,0,1,,
2017,전주신흥고등학교,전북,1,0,1,,
2017,전주여자고등학교,전북,2,0,2,,
2017,전주중앙여자고등학교,전북,1,0,1,,
2017,전주한일고등학교,전북,1,2,3,,
2017,점촌고등학교,경북,2,0,2,,
2017,정광고등학교,광주,2,0,2,,
2017,정발고등학교,경기,3,0,3,,
2017,정선고등학교,강원,1,0,1,,
2017,정신여자고등학교,서울,5,0,5,,
2017,정의여자고등학교,서울,0,1,1,,
2017,정화여자고등학교,대구,2,2,4,,
2017,제일고등학교,인천,2,0,2,,
2017,제주과학고등학교,제주,1,0,1,,
2017,제주대학교사범대학부설고등학교,제주,4,0,4,,
2017,제주여자고등학교,제주,2,0,2,,
2017,제주제일고등학교,제주,1,3,4,,
2017,제주중앙여자고등학교,제주,2,0,2,,
2017,제천고등학교,충북,1,0,1,,
2017,조선대학교부속고등학교,광주,1,0,1,,
2017,주례여자고등학교,부산,1,0,1,,
2017,주엽고등학교,경기,5,0,5,,
2017,중경고등학교,서울,3,0,3,,
2017,중동고등학교,서울,5,9,14,,
2017,중산고등학교,경기,1,1,2,,
2017,중산고등학교,서울,6,10,16,,
2017,중앙고등학교,서울,1,0,1,,
2017,중앙대학교사범대학부속고등학교,서울,6,1,7,,
2017,중앙여자고등학교,서울,2,0,2,,
2017,중일고등학교,대전,1,0,1,,
2017,지산고등학교,부산,1,0,1,,
2017,진건고등학교,경기,1,0,1,,
2017,진관고등학교,서울,2,0,2,,
2017,진도고등학교,전남,1,0,1,,
2017,진도국악고등학교,전남,1,0,1,,
2017,진명여자고등학교,서울,3,3,6,,
2017,진선여자고등학교,서울,6,5,11,,
2017,진성고등학교,경기,1,1,2,,
2017,진위고등학교,경기,1,0,1,,
2017,진주고등학교,경남,3,1,4,,
2017,진주동명고등학교,경남,5,1,6,,
2017,진주여자고등학교,경남,1,0,1,,
2017,진주제일여자고등학교,경남,1,0,1,,
2017,진주중앙고등학교,경남,2,0,2,,
2017,진천고등학교,충북,1,0,1,,
2017,진해고등학교,경남,2,0,2,,
2017,진해용원고등학교,경남,1,0,1,,
2017,창덕여자고등학교,서울,2,3,5,,
2017,창동고등학교,서울,2,0,2,,
2017,창문여자고등학교,서울,4,0,4,,
2017,창원과학고등학교,경남,4,0,4,,
2017,창원남고등학교,경남,4,1,5,,
2017,창원남산고등학교,경남,1,0,1,,
2017,창원대암고등학교,경남,1,0,1,,
2017,창원문성고등학교,경남,1,0,1,,
2017,창원성민여자고등학교,경남,1,0,1,,
2017,창원중앙고등학교,경남,1,0,1,,
2017,창평고등학교,전남,3,0,3,,
2017,창현고등학교,경기,7,1,8,,
2017,천안고등학교,충남,3,1,4,,
2017,천안쌍용고등학교,충남,1,0,1,,
2017,천안월봉고등학교,충남,1,0,1,,
2017,천안중앙고등학교,충남,1,0,1,,
2017,천천고등학교,경기,2,0,2,,
2017,철원고등학교,강원,1,0,1,,
2017,청구고등학교,대구,1,1,2,,
2017,청담고등학교,서울,4,3,7,,
2017,청도고등학교,경북,1,0,1,,
2017,청석고등학교,충북,3,1,4,,
2017,청심국제고등학교,경기,6,5,11,,
2017,청원고등학교,서울,5,1,6,,
2017,청원고등학교,충북,5,7,12,,
2017,청원여자고등학교,서울,1,0,1,,
2017,청주고등학교,충북,2,0,2,,
2017,청주대성고등학교,충북,2,0,2,,
2017,청학고등학교,경기,0,1,1,,
2017,춘천고등학교,강원,1,0,1,,
2017,춘천여자고등학교,강원,1,0,1,,
2017,충남고등학교,대전,2,5,7,,
2017,충남과학고등학교,충남,5,0,5,,
2017,충남삼성고등학교,충남,9,0,9,,
2017,충남여자고등학교,대전,1,0,1,,
2017,충남예술고등학교,충남,2,0,2,,
2017,충남외국어고등학교,충남,1,0,1,,
2017,충렬여자고등학교,경남,1,0,1,,
2017,충북고등학교,충북,1,0,1,,
2017,충북과학고등학교,충북,1,0,1,,
2017,충북여자고등학교,충북,2,0,2,,
2017,충암고등학교,서울,2,0,2,,
2017,충주고등학교,충북,1,0,1,,
2017,충주여자고등학교,충북,1,0,1,,
2017,충주중산고등학교,충북,1,0,1,,
2017,충훈고등학교,경기,1,0,1,,
2017,칠성고등학교,대구,2,0,2,,
2017,칠원고등학교,경남,1,0,1,,
2017,태릉고등학교,서울,1,0,1,,
2017,태성고등학교,경기,1,0,1,,
2017,태원고등학교,경기,1,0,1,,
2017,태장고등학교,경기,0,1,1,,
2017,통영고등학교,경남,1,0,1,,
2017,통영여자고등학교,경남,1,0,1,,
2017,퇴계원고등학교,경기,2,0,2,,
2017,판곡고등학교,경기,1,0,1,,
2017,평내고등학교,경기,1,0,1,,
2017,평창고등학교,강원,1,0,1,,
2017,평택고등학교,경기,1,1,2,,
2017,포곡고등학교,경기,1,0,1,,
2017,포산고등학교,대구,2,3,5,,
2017,포항고등학교,경북,2,0,2,,
2017,포항동성고등학교,경북,1,0,1,,
2017,포항영신고등학교,경북,3,0,3,,
2017,포항장성고등학교,경북,1,0,1,,
2017,포항제철고등학교,경북,20,7,27,,
2017,포항중앙고등학교,경북,2,0,2,,
2017,포항중앙여자고등학교,경북,1,0,1,,
2017,풀무농업고등기술학교,충남,0,1,1,,
2017,풍덕고등학교,경기,3,2,5,,
2017,풍문여자고등학교,서울,2,0,2,,
2017,풍산고등학교,경북,1,4,5,,
2017,풍생고등학교,경기,0,1,1,,
2017,하나고등학교,서울,48,6,54,,
2017,하남고등학교,경기,2,0,2,,
2017,하성고등학교,경기,2,0,2,,
2017,학다리고등학교,전남,1,0,1,,
2017,학산여자고등학교,부산,0,1,1,,
2017,학성고등학교,울산,5,2,7,,
2017,한가람고등학교,서울,3,3,6,,
2017,한국과학영재학교,부산,19,0,19,,
2017,한국교원대학교부설고등학교,충북,2,0,2,,
2017,한국디지털미디어고등학교,경기,1,0,1,,
2017,한국산림과학고등학교,경북,1,0,1,,
2017,한국삼육고등학교,서울,1,0,1,,
2017,한국전통문화고등학교,전북,1,0,1,,
2017,한민고등학교,경기,5,5,10,,
2017,한밭고등학교,대전,1,0,1,,
2017,한빛고등학교,전남,0,1,1,,
2017,한서고등학교,서울,2,0,2,,
2017,한성고등학교,서울,2,0,2,,
2017,한성과학고등학교,서울,14,1,15,,
2017,한성여자고등학교,서울,1,0,1,,
2017,한솔고등학교,경기,3,2,5,,
2017,한솔고등학교,세종,1,2,3,,
2017,한양대학교사범대학부속고등학교,서울,2,2,4,,
2017,한영고등학교,서울,9,3,12,,
2017,한영고등학교,전남,2,0,2,,
2017,한영외국어고등학교,서울,26,5,31,,
2017,한일고등학교,충남,11,10,21,,
2017,함월고등학교,울산,1,0,1,,
2017,함평여자고등학교,전남,1,0,1,,
2017,함현고등학교,경기,1,2,3,,
2017,해동고등학교,부산,1,0,1,,
2017,해룡고등학교,전남,2,0,2,,
2017,해운대고등학교,부산,4,2,6,,
2017,행신고등학교,경기,1,0,1,,
2017,현대고등학교,울산,4,0,4,,
2017,현대고등학교,서울,7,12,19,,
2017,현대청운고등학교,울산,6,12,18,,
2017,현일고등학교,경북,2,0,2,,
2017,현풍고등학교,대구,0,1,1,,
2017,형석고등학교,충북,1,0,1,,
2017,혜성여자고등학교,서울,1,1,2,,
2017,혜원여자고등학교,서울,3,0,3,,
2017,호남고등학교,전북,1,0,1,,
2017,호남제일고등학교,전북,1,0,1,,
2017,호수돈여자고등학교,대전,2,0,2,,
2017,홍성고등학교,충남,1,0,1,,
2017,홍성여자고등학교,충남,1,0,1,,
2017,홍익대학교사범대학부속고등학교,서울,4,0,4,,
2017,홍익대학교사범대학부속여자고등학교,서울,3,0,3,,
2017,홍주고등학교,충남,1,0,1,,
2017,화명고등학교,부산,1,1,2,,
2017,화봉고등학교,울산,1,0,1,,
2017,화성고등학교,경기,1,9,10,,
2017,화정고등학교,경기,0,1,1,,
2017,환일고등학교,서울,3,0,3,,
2017,횡성고등학교,강원,1,0,1,,
2017,효명고등학교,경기,1,0,1,,
2017,효양고등학교,경기,3,0,3,,
2017,휘경여자고등학교,서울,1,0,1,,
2017,휘문고등학교,서울,7,27,34,,
2017,흥덕고등학교,경기,1,0,1,,
2017,흥진고등학교,경기,1,0,1,,
총합계,,,2303,962,3265,,3265
,,,,,,,
,,,,,,,
출처:?https://legendstudy.com/1090?[레전드스터디 닷컴 :: LegendStudy.com],,,,,,,
