시도,행정구역,학제 (학년도기준),학업중단률(%),전년도 학생수,학업중단자 계,유예,면제,자퇴,퇴학,제적
서울,종로구,초등학교,0.8,5192,42,14,28,0,0,0
서울,종로구,중학교,0.9,2793,25,16,9,0,0,0
서울,종로구,고등학교,1,8467,82,0,0,82,0,0
서울,종로구,(일반고),0.8,3531,30,0,0,30,0,0
서울,종로구,(특목고),1.4,1908,26,0,0,26,0,0
서울,종로구,(특성화고),1.1,1310,14,0,0,14,0,0
서울,종로구,(자율고),0.7,1718,12,0,0,12,0,0
서울,종로구,소계,0.9,16452,149,30,37,82,0,0
서울,중구,초등학교,1.5,4990,74,26,48,0,0,0
서울,중구,중학교,0.5,1845,10,7,3,0,0,0
서울,중구,고등학교,0.8,6731,56,0,0,56,0,0
서울,중구,(일반고),1.3,1116,14,0,0,14,0,0
서울,중구,(특목고),0.7,406,3,0,0,3,0,0
서울,중구,(특성화고),1,3587,37,0,0,37,0,0
서울,중구,(자율고),0.1,1622,2,0,0,2,0,0
서울,중구,소계,1,13566,140,33,51,56,0,0
서울,용산구,초등학교,1.6,6870,107,39,68,0,0,0
서울,용산구,중학교,1.3,3512,47,25,22,0,0,0
서울,용산구,고등학교,1.5,5470,84,1,0,83,0,0
서울,용산구,(일반고),1.7,3197,54,1,0,53,0,0
서울,용산구,(특성화고),1.6,1857,30,0,0,30,0,0
서울,용산구,(자율고),0,416,,,,,,
서울,용산구,소계,1.5,15852,238,65,90,83,0,0
서울,성동구,초등학교,0.9,10992,100,42,58,0,0,0
서울,성동구,중학교,0.6,4861,27,18,9,0,0,0
서울,성동구,고등학교,1.2,4594,53,1,0,52,0,0
서울,성동구,(일반고),1.1,2068,22,1,0,21,0,0
서울,성동구,(특성화고),2,1128,22,0,0,22,0,0
서울,성동구,(자율고),0.6,1398,9,0,0,9,0,0
서울,성동구,소계,0.9,20447,180,61,67,52,0,0
서울,광진구,초등학교,0.8,14257,108,53,55,0,0,0
서울,광진구,중학교,0.6,7337,45,33,12,0,0,0
서울,광진구,고등학교,0.8,7378,62,0,0,62,0,0
서울,광진구,(일반고),0.9,5024,43,0,0,43,0,0
서울,광진구,(특목고),1,1838,19,0,0,19,0,0
서울,광진구,(자율고),0,516,,,,,,
서울,광진구,소계,0.7,28972,215,86,67,62,0,0
서울,동대문구,초등학교,0.4,13157,55,26,29,0,0,0
서울,동대문구,중학교,0.6,6459,36,28,8,0,0,0
서울,동대문구,고등학교,1,6917,69,0,0,68,1,0
서울,동대문구,(일반고),0.9,3229,30,0,0,30,0,0
서울,동대문구,(특성화고),2.2,1249,27,0,0,27,0,0
서울,동대문구,(자율고),0.5,2439,12,0,0,11,1,0
서울,동대문구,소계,0.6,26533,160,54,37,68,1,0
서울,중랑구,초등학교,0.4,14554,53,24,29,0,0,0
서울,중랑구,중학교,0.3,6649,18,14,4,0,0,0
서울,중랑구,고등학교,0.7,6150,43,0,0,43,0,0
서울,중랑구,(일반고),0.8,3848,32,0,0,32,0,0
서울,중랑구,(특성화고),1,1068,11,0,0,11,0,0
서울,중랑구,(자율고),0,1234,,,,,,
서울,중랑구,소계,0.4,27353,114,38,33,43,0,0
서울,성북구,초등학교,0.5,20086,93,34,59,0,0,0
서울,성북구,중학교,0.5,9526,50,31,19,0,0,0
서울,성북구,고등학교,0.9,8272,76,0,0,76,0,0
서울,성북구,(일반고),1,5588,57,0,0,57,0,0
서울,성북구,(특목고),0.4,1159,5,0,0,5,0,0
서울,성북구,(특성화고),1.4,1012,14,0,0,14,0,0
서울,성북구,(자율고),0,513,,,,,,
서울,성북구,소계,0.6,37884,219,65,78,76,0,0
서울,강북구,초등학교,0.3,9913,28,12,16,0,0,0
서울,강북구,중학교,0.3,6139,20,18,2,0,0,0
서울,강북구,고등학교,1,5346,51,0,0,51,0,0
서울,강북구,(일반고),1.4,3242,45,0,0,45,0,0
서울,강북구,(특성화고),0.9,530,5,0,0,5,0,0
서울,강북구,(자율고),0.1,1574,1,0,0,1,0,0
서울,강북구,소계,0.5,21398,99,30,18,51,0,0
서울,도봉구,초등학교,0.1,14540,20,13,7,0,0,0
서울,도봉구,중학교,0.3,6588,19,17,2,0,0,0
서울,도봉구,고등학교,1.1,6533,70,0,0,70,0,0
서울,도봉구,(일반고),0.7,3688,27,0,0,27,0,0
서울,도봉구,(특목고),1.5,664,10,0,0,10,0,0
서울,도봉구,(특성화고),2.5,1071,27,0,0,27,0,0
서울,도봉구,(자율고),0.5,1110,6,0,0,6,0,0
서울,도봉구,소계,0.4,27661,109,30,9,70,0,0
서울,노원구,초등학교,0.3,25841,77,28,49,0,0,0
서울,노원구,중학교,0.4,15205,58,42,16,0,0,0
서울,노원구,고등학교,1,20032,199,0,0,194,4,1
서울,노원구,(일반고),0.8,13832,116,0,0,113,2,1
서울,노원구,(특성화고),1.5,5658,83,0,0,81,2,0
서울,노원구,(자율고),0,542,,,,,,
서울,노원구,소계,0.5,61078,334,70,65,194,4,1
서울,은평구,초등학교,0.3,20400,62,28,34,0,0,0
서울,은평구,중학교,0.4,10240,41,27,14,0,0,0
서울,은평구,고등학교,1.2,12660,147,0,0,145,2,0
서울,은평구,(일반고),1,8666,89,0,0,89,0,0
서울,은평구,(특성화고),1.5,3380,52,0,0,50,2,0
서울,은평구,(자율고),1,614,6,0,0,6,0,0
서울,은평구,소계,0.6,43300,250,55,48,145,2,0
서울,서대문구,초등학교,0.8,12988,101,30,71,0,0,0
서울,서대문구,중학교,0.5,6057,29,20,9,0,0,0
서울,서대문구,고등학교,0.8,5099,42,0,0,42,0,0
서울,서대문구,(일반고),0.9,3632,32,0,0,32,0,0
서울,서대문구,(특목고),0.3,376,1,0,0,1,0,0
서울,서대문구,(자율고),0.8,1091,9,0,0,9,0,0
서울,서대문구,소계,0.7,24144,172,50,80,42,0,0
서울,마포구,초등학교,0.7,14375,97,41,56,0,0,0
서울,마포구,중학교,0.6,7474,45,33,12,0,0,0
서울,마포구,고등학교,1.1,5972,64,1,0,62,0,1
서울,마포구,(일반고),2,2117,42,1,0,40,0,1
서울,마포구,(특성화고),1.2,1618,20,0,0,20,0,0
서울,마포구,(자율고),0.1,2237,2,0,0,2,0,0
서울,마포구,소계,0.7,27821,206,75,68,62,0,1
서울,양천구,초등학교,0.7,23985,170,87,83,0,0,0
서울,양천구,중학교,0.7,15779,115,67,48,0,0,0
서울,양천구,고등학교,0.9,12351,116,0,0,115,0,1
서울,양천구,(일반고),0.9,9305,81,0,0,80,0,1
서울,양천구,(특성화고),1.8,1216,22,0,0,22,0,0
서울,양천구,(자율고),0.7,1830,13,0,0,13,0,0
서울,양천구,소계,0.8,52115,401,154,131,115,0,1
서울,강서구,초등학교,0.4,26078,99,35,64,0,0,0
서울,강서구,중학교,0.4,10682,38,30,8,0,0,0
서울,강서구,고등학교,1,14998,149,0,0,149,0,0
서울,강서구,(일반고),0.9,10344,90,0,0,90,0,0
서울,강서구,(특목고),1,1309,13,0,0,13,0,0
서울,강서구,(특성화고),1.6,2801,46,0,0,46,0,0
서울,강서구,(자율고),0,544,,,,,,
서울,강서구,소계,0.6,51758,286,65,72,149,0,0
서울,구로구,초등학교,0.5,18180,84,33,51,0,0,0
서울,구로구,중학교,0.4,8026,29,24,5,0,0,0
서울,구로구,고등학교,1,9178,89,0,0,88,1,0
서울,구로구,(일반고),1.1,4434,49,0,0,49,0,0
서울,구로구,(특목고),1.1,1231,14,0,0,14,0,0
서울,구로구,(특성화고),1.3,2073,26,0,0,25,1,0
서울,구로구,(자율고),0,1440,,,,,,
서울,구로구,소계,0.6,35384,202,57,56,88,1,0
서울,금천구,초등학교,0.3,8339,26,12,14,0,0,0
서울,금천구,중학교,0.3,4073,11,8,3,0,0,0
서울,금천구,고등학교,0.5,4085,21,0,0,21,0,0
서울,금천구,(일반고),0.6,2040,13,0,0,13,0,0
서울,금천구,(특목고),0.6,527,3,0,0,3,0,0
서울,금천구,(특성화고),0.6,801,5,0,0,5,0,0
서울,금천구,(자율고),0,717,,,,,,
서울,금천구,소계,0.4,16497,58,20,17,21,0,0
서울,영등포구,초등학교,0.5,13537,73,17,56,0,0,0
서울,영등포구,중학교,0.9,5922,52,29,23,0,0,0
서울,영등포구,고등학교,0.9,5872,54,0,0,52,2,0
서울,영등포구,(일반고),1.2,3712,45,0,0,43,2,0
서울,영등포구,(특성화고),0.3,591,2,0,0,2,0,0
서울,영등포구,(자율고),0.4,1569,7,0,0,7,0,0
서울,영등포구,소계,0.7,25331,179,46,79,52,2,0
서울,동작구,초등학교,0.5,15553,85,40,45,0,0,0
서울,동작구,중학교,0.5,7707,38,29,9,0,0,0
서울,동작구,고등학교,0.8,5900,48,1,0,47,0,0
서울,동작구,(일반고),0.8,4483,37,1,0,36,0,0
서울,동작구,(특성화고),0.8,1417,11,0,0,11,0,0
서울,동작구,소계,0.6,29160,171,70,54,47,0,0
서울,관악구,초등학교,0.3,14410,39,18,21,0,0,0
서울,관악구,중학교,0.3,7124,22,19,3,0,0,0
서울,관악구,고등학교,1.1,9176,103,0,0,103,0,0
서울,관악구,(일반고),1.2,6055,72,0,0,72,0,0
서울,관악구,(특목고),0.9,336,3,0,0,3,0,0
서울,관악구,(특성화고),1.4,2037,28,0,0,28,0,0
서울,관악구,(자율고),0,748,,,,,,
서울,관악구,소계,0.5,30710,164,37,24,103,0,0
서울,서초구,초등학교,1.8,22668,398,180,218,0,0,0
서울,서초구,중학교,1.5,11108,167,109,58,0,0,0
서울,서초구,고등학교,1.4,9804,138,1,0,136,1,0
서울,서초구,(일반고),1.3,7393,99,1,0,98,0,0
서울,서초구,(특성화고),9,256,23,0,0,22,1,0
서울,서초구,(자율고),0.7,2155,16,0,0,16,0,0
서울,서초구,소계,1.6,43580,703,290,276,136,1,0
서울,강남구,초등학교,1.2,25905,319,140,179,0,0,0
서울,강남구,중학교,1.5,15602,238,148,90,0,0,0
서울,강남구,고등학교,1.3,17837,229,0,1,228,0,0
서울,강남구,(일반고),1.4,12004,172,0,1,171,0,0
서울,강남구,(특목고),0.8,1504,12,0,0,12,0,0
서울,강남구,(특성화고),1.5,884,13,0,0,13,0,0
서울,강남구,(자율고),0.9,3445,32,0,0,32,0,0
서울,강남구,소계,1.3,59344,786,288,270,228,0,0
서울,송파구,초등학교,0.9,31373,284,132,152,0,0,0
서울,송파구,중학교,1,16309,165,119,46,0,0,0
서울,송파구,고등학교,1.1,14537,153,1,0,152,0,0
서울,송파구,(일반고),1,11684,121,1,0,120,0,0
서울,송파구,(특목고),0.5,382,2,0,0,2,0,0
서울,송파구,(특성화고),1.6,1368,22,0,0,22,0,0
서울,송파구,(자율고),0.7,1103,8,0,0,8,0,0
서울,송파구,소계,1,62219,602,252,198,152,0,0
서울,강동구,초등학교,0.5,21353,106,49,57,0,0,0
서울,강동구,중학교,0.5,10064,52,36,16,0,0,0
서울,강동구,고등학교,1.1,10957,123,0,0,122,0,1
서울,강동구,(일반고),1.3,7467,95,0,0,95,0,0
서울,강동구,(특목고),0.9,668,6,0,0,6,0,0
서울,강동구,(특성화고),0.8,1540,13,0,0,12,0,1
서울,강동구,(자율고),0.7,1282,9,0,0,9,0,0
서울,강동구,소계,0.7,42374,281,85,73,122,0,1
서울,소계,초등학교,0.7,409536,2700,1153,1547,0,0,0
서울,소계,중학교,0.7,207081,1397,947,450,0,0,0
서울,소계,고등학교,1,224316,2321,6,1,2299,11,4
서울,소계,(일반고),1.1,141699,1507,6,1,1493,4,3
서울,소계,(특목고),1,12308,117,0,0,117,0,0
서울,소계,(특성화고),1.4,38452,553,0,0,546,6,1
서울,소계,(자율고),0.5,31857,144,0,0,143,1,0
서울,소계,소계,0.8,840933,6418,2106,1998,2299,11,4
부산,중구,초등학교,0.4,1254,5,4,1,0,0,0
부산,중구,중학교,0,251,0,0,0,0,0,0
부산,중구,고등학교,1.1,1758,20,0,0,20,0,0
부산,중구,(일반고),0.6,1424,8,0,0,8,0,0
부산,중구,(특성화고),3.6,334,12,0,0,12,0,0
부산,중구,소계,0.8,3263,25,4,1,20,0,0
부산,서구,초등학교,0.3,3677,10,7,3,0,0,0
부산,서구,중학교,0.3,2572,9,6,3,0,0,0
부산,서구,고등학교,1.4,2483,34,0,0,32,2,0
부산,서구,(일반고),0.8,1075,9,0,0,9,0,0
부산,서구,(특성화고),2.7,859,23,0,0,21,2,0
부산,서구,(자율고),0.4,549,2,0,0,2,0,0
부산,서구,소계,0.6,8732,53,13,6,32,2,0
부산,동구,초등학교,0.2,2524,5,3,2,0,0,0
부산,동구,중학교,0.5,1455,8,6,2,0,0,0
부산,동구,고등학교,1.1,2657,28,0,0,28,0,0
부산,동구,(일반고),0.7,2048,15,0,0,15,0,0
부산,동구,(특성화고),2.1,609,13,0,0,13,0,0
부산,동구,소계,0.6,6636,41,9,4,28,0,0
부산,영도구,초등학교,0.2,3808,8,6,2,0,0,0
부산,영도구,중학교,0.3,1998,6,4,2,0,0,0
부산,영도구,고등학교,1.4,2662,38,0,0,37,1,0
부산,영도구,(일반고),2,306,6,0,0,6,0,0
부산,영도구,(특목고),0.9,749,7,0,0,7,0,0
부산,영도구,(특성화고),2.8,820,23,0,0,22,1,0
부산,영도구,(자율고),0.3,787,2,0,0,2,0,0
부산,영도구,소계,0.6,8468,52,10,4,37,1,0
부산,부산진구,초등학교,0.2,14931,34,15,19,0,0,0
부산,부산진구,중학교,0.2,7230,17,14,3,0,0,0
부산,부산진구,고등학교,0.9,9326,87,2,2,79,4,0
부산,부산진구,(일반고),0.6,4054,24,0,0,24,0,0
부산,부산진구,(특목고),0.6,905,5,0,0,5,0,0
부산,부산진구,(특성화고),1.5,3322,50,1,2,43,4,0
부산,부산진구,(자율고),0.8,1045,8,1,0,7,0,0
부산,부산진구,소계,0.4,31487,138,31,24,79,4,0
부산,동래구,초등학교,0.4,13073,51,16,35,0,0,0
부산,동래구,중학교,0.3,7277,22,17,5,0,0,0
부산,동래구,고등학교,0.9,8661,77,0,0,76,1,0
부산,동래구,(일반고),0.7,6881,47,0,0,47,0,0
부산,동래구,(특성화고),2.6,1136,30,0,0,29,1,0
부산,동래구,(자율고),0,644,,,,,,
부산,동래구,소계,0.5,29011,150,33,40,76,1,0
부산,남구,초등학교,0.7,12484,89,49,40,0,0,0
부산,남구,중학교,0.4,6676,26,17,9,0,0,0
부산,남구,고등학교,1.7,7163,124,0,0,124,0,0
부산,남구,(일반고),1.3,3953,52,0,0,52,0,0
부산,남구,(특목고),0.8,479,4,0,0,4,0,0
부산,남구,(특성화고),3.1,2226,68,0,0,68,0,0
부산,남구,(자율고),0,505,,,,,,
부산,남구,소계,0.9,26323,239,66,49,124,0,0
부산,북구,초등학교,0.2,12712,20,9,11,0,0,0
부산,북구,중학교,0.2,6450,16,9,7,0,0,0
부산,북구,고등학교,0.5,5362,27,0,0,27,0,0
부산,북구,(일반고),0.5,5362,27,0,0,27,0,0
부산,북구,소계,0.3,24524,63,18,18,27,0,0
부산,해운대구,초등학교,0.5,19600,107,60,47,0,0,0
부산,해운대구,중학교,0.6,10494,59,50,9,0,0,0
부산,해운대구,고등학교,1.4,8802,123,0,0,121,2,0
부산,해운대구,(일반고),1.2,5551,65,0,0,65,0,0
부산,해운대구,(특목고),0.9,902,8,0,0,8,0,0
부산,해운대구,(특성화고),2.4,1874,45,0,0,43,2,0
부산,해운대구,(자율고),1.1,475,5,0,0,5,0,0
부산,해운대구,소계,0.7,38896,289,110,56,121,2,0
부산,사하구,초등학교,0.2,14073,31,10,21,0,0,0
부산,사하구,중학교,0.4,6580,24,19,5,0,0,0
부산,사하구,고등학교,0.9,7495,67,1,0,60,6,0
부산,사하구,(일반고),0.7,4418,30,0,0,29,1,0
부산,사하구,(특목고),0.6,1204,7,0,0,7,0,0
부산,사하구,(특성화고),2.3,1119,26,0,0,22,4,0
부산,사하구,(자율고),0.5,754,4,1,0,2,1,0
부산,사하구,소계,0.4,28148,122,30,26,60,6,0
부산,금정구,초등학교,0.3,9608,32,16,16,0,0,0
부산,금정구,중학교,0.4,5285,23,21,2,0,0,0
부산,금정구,고등학교,1,7478,72,0,0,70,0,2
부산,금정구,(일반고),0.9,4097,36,0,0,36,0,0
부산,금정구,(특목고),1,1885,19,0,0,17,0,2
부산,금정구,(특성화고),1.1,1496,17,0,0,17,0,0
부산,금정구,소계,0.6,22371,127,37,18,70,0,2
부산,강서구,초등학교,0.7,10234,67,48,19,0,0,0
부산,강서구,중학교,0.6,3043,19,16,3,0,0,0
부산,강서구,고등학교,0.7,2052,15,0,0,15,0,0
부산,강서구,(일반고),0.7,2011,14,0,0,14,0,0
부산,강서구,(특목고),-,-,1,0,0,1,0,0
부산,강서구,(특성화고),0,41,,,,,,
부산,강서구,소계,0.7,15329,101,64,22,15,0,0
부산,연제구,초등학교,0.3,9631,30,3,27,0,0,0
부산,연제구,중학교,0.2,3693,8,7,1,0,0,0
부산,연제구,고등학교,1,2388,25,0,0,25,0,0
부산,연제구,(일반고),0.9,685,6,0,0,6,0,0
부산,연제구,(특목고),0.6,724,4,0,0,4,0,0
부산,연제구,(특성화고),1.7,402,7,0,0,7,0,0
부산,연제구,(자율고),1.4,577,8,0,0,8,0,0
부산,연제구,소계,0.4,15712,63,10,28,25,0,0
부산,수영구,초등학교,0.5,6100,30,10,20,0,0,0
부산,수영구,중학교,0.4,2670,12,11,1,0,0,0
부산,수영구,고등학교,1,2498,24,0,0,24,0,0
부산,수영구,(일반고),0.9,1923,18,0,0,18,0,0
부산,수영구,(특성화고),1,575,6,0,0,6,0,0
부산,수영구,소계,0.6,11268,66,21,21,24,0,0
부산,사상구,초등학교,0.2,8006,17,8,9,0,0,0
부산,사상구,중학교,0.3,3326,10,9,1,0,0,0
부산,사상구,고등학교,0.6,2505,16,0,0,15,1,0
부산,사상구,(일반고),0.7,982,7,0,0,7,0,0
부산,사상구,(특성화고),1.9,413,8,0,0,7,1,0
부산,사상구,(자율고),0.1,1110,1,0,0,1,0,0
부산,사상구,소계,0.3,13837,43,17,10,15,1,0
부산,기장군,초등학교,0.4,11812,52,15,37,0,0,0
부산,기장군,중학교,0.4,4749,18,15,3,0,0,0
부산,기장군,고등학교,0.9,3283,28,0,0,27,1,0
부산,기장군,(일반고),0.9,3283,28,0,0,27,1,0
부산,기장군,소계,0.5,19844,98,30,40,27,1,0
부산,소계,초등학교,0.4,153527,588,279,309,0,0,0
부산,소계,중학교,0.4,73749,277,221,56,0,0,0
부산,소계,고등학교,1.1,76573,805,3,2,780,18,2
부산,소계,(일반고),0.8,48053,392,0,0,390,2,0
부산,소계,(특목고),0.8,6848,55,0,0,53,0,2
부산,소계,(특성화고),2.2,15226,328,1,2,310,15,0
부산,소계,(자율고),0.5,6446,30,2,0,27,1,0
부산,소계,소계,0.5,303849,1670,503,367,780,18,2
대구,중구,초등학교,0.2,4254,8,4,4,0,0,0
대구,중구,중학교,0.2,1879,4,3,1,0,0,0
대구,중구,고등학교,0.9,3151,29,0,0,29,0,0
대구,중구,(일반고),1.4,1455,20,0,0,20,0,0
대구,중구,(특성화고),0.8,782,6,0,0,6,0,0
대구,중구,(자율고),0.3,914,3,0,0,3,0,0
대구,중구,소계,0.4,9284,41,7,5,29,0,0
대구,동구,초등학교,0.3,16676,52,30,22,0,0,0
대구,동구,중학교,0.5,5683,26,17,9,0,0,0
대구,동구,고등학교,1.8,6459,115,0,1,107,7,0
대구,동구,(일반고),0.9,2782,26,0,0,26,0,0
대구,동구,(특목고),2,545,11,0,0,11,0,0
대구,동구,(특성화고),3.1,2382,74,0,1,66,7,0
대구,동구,(자율고),0.5,750,4,0,0,4,0,0
대구,동구,소계,0.7,28818,193,47,32,107,7,0
대구,서구,초등학교,0.2,5445,9,3,6,0,0,0
대구,서구,중학교,0.2,2505,6,5,1,0,0,0
대구,서구,고등학교,1.9,4285,80,0,0,77,3,0
대구,서구,(일반고),1,1259,12,0,0,12,0,0
대구,서구,(특성화고),9.3,653,61,0,0,58,3,0
대구,서구,(자율고),0.3,2373,7,0,0,7,0,0
대구,서구,소계,0.8,12235,95,8,7,77,3,0
대구,남구,초등학교,0.2,4251,8,7,1,0,0,0
대구,남구,중학교,0.2,2506,6,4,2,0,0,0
대구,남구,고등학교,1.3,5694,74,0,0,74,0,0
대구,남구,(일반고),0.9,1287,12,0,0,12,0,0
대구,남구,(특목고),0.8,1297,10,0,0,10,0,0
대구,남구,(특성화고),2.2,2362,52,0,0,52,0,0
대구,남구,(자율고),0,748,,,,,,
대구,남구,소계,0.7,12451,88,11,3,74,0,0
대구,북구,초등학교,0.1,21942,32,12,20,0,0,0
대구,북구,중학교,0.2,12222,26,21,5,0,0,0
대구,북구,고등학교,0.7,10388,75,0,0,75,0,0
대구,북구,(일반고),0.8,7798,62,0,0,62,0,0
대구,북구,(특목고),2.8,181,5,0,0,5,0,0
대구,북구,(특성화고),2,345,7,0,0,7,0,0
대구,북구,(자율고),0,2064,1,0,0,1,0,0
대구,북구,소계,0.3,44552,133,33,25,75,0,0
대구,수성구,초등학교,0.4,23136,89,38,51,0,0,0
대구,수성구,중학교,0.5,15789,80,63,17,0,0,0
대구,수성구,고등학교,0.9,14030,133,1,0,131,1,0
대구,수성구,(일반고),0.8,11493,97,0,0,97,0,0
대구,수성구,(특목고),1.1,629,7,1,0,6,0,0
대구,수성구,(특성화고),2.4,1142,27,0,0,26,1,0
대구,수성구,(자율고),0.3,766,2,0,0,2,0,0
대구,수성구,소계,0.6,52955,302,102,68,131,1,0
대구,달서구,초등학교,0.2,30392,66,34,32,0,0,0
대구,달서구,중학교,0.2,15475,32,26,6,0,0,0
대구,달서구,고등학교,1,17842,181,0,0,180,1,0
대구,달서구,(일반고),1,9744,95,0,0,95,0,0
대구,달서구,(특목고),0.6,1288,8,0,0,8,0,0
대구,달서구,(특성화고),1.7,3901,66,0,0,65,1,0
대구,달서구,(자율고),0.4,2909,12,0,0,12,0,0
대구,달서구,소계,0.4,63709,279,60,38,180,1,0
대구,달성군,초등학교,0.2,16491,28,15,13,0,0,0
대구,달성군,중학교,0.4,6504,27,19,8,0,0,0
대구,달성군,고등학교,0.6,3958,25,0,0,25,0,0
대구,달성군,(일반고),0.6,3501,21,0,0,21,0,0
대구,달성군,(특목고),0.6,179,1,0,0,1,0,0
대구,달성군,(특성화고),-,-,0,0,0,0,0,0
대구,달성군,(자율고),1.1,278,3,0,0,3,0,0
대구,달성군,소계,0.3,26953,80,34,21,25,0,0
대구,소계,초등학교,0.2,122587,292,143,149,0,0,0
대구,소계,중학교,0.3,62563,207,158,49,0,0,0
대구,소계,고등학교,1.1,65807,712,1,1,698,12,0
대구,소계,(일반고),0.9,39319,345,0,0,345,0,0
대구,소계,(특목고),1,4119,42,1,0,41,0,0
대구,소계,(특성화고),2.5,11567,293,0,1,280,12,0
대구,소계,(자율고),0.3,10802,32,0,0,32,0,0
대구,소계,소계,0.5,250957,1211,302,199,698,12,0
인천,중구,초등학교,0.3,8455,22,14,8,0,0,0
인천,중구,중학교,0.2,4500,10,8,2,0,0,0
인천,중구,고등학교,1.2,7856,94,0,0,87,7,0
인천,중구,(일반고),1.4,3092,43,0,0,41,2,0
인천,중구,(특목고),0.4,956,4,0,0,4,0,0
인천,중구,(특성화고),1.4,2333,32,0,0,27,5,0
인천,중구,(자율고),1,1475,15,0,0,15,0,0
인천,중구,소계,0.6,20811,126,22,10,87,7,0
인천,동구,초등학교,0.2,3485,6,4,2,0,0,0
인천,동구,중학교,0.3,1173,3,1,2,0,0,0
인천,동구,고등학교,0.7,1881,14,0,0,14,0,0
인천,동구,(일반고),1,506,5,0,0,5,0,0
인천,동구,(특성화고),0.7,1375,9,0,0,9,0,0
인천,동구,소계,0.4,6539,23,5,4,14,0,0
인천,연수구,초등학교,0.7,24137,163,87,76,0,0,0
인천,연수구,중학교,0.9,11618,102,69,33,0,0,0
인천,연수구,고등학교,1.2,11212,131,0,0,131,0,0
인천,연수구,(일반고),1.2,8188,97,0,0,97,0,0
인천,연수구,(특목고),0,229,0,0,0,0,0,0
인천,연수구,(특성화고),1.5,2157,32,0,0,32,0,0
인천,연수구,(자율고),0.3,638,2,0,0,2,0,0
인천,연수구,소계,0.8,46967,396,156,109,131,0,0
인천,미추홀구,초등학교,0.3,17543,44,31,13,0,0,0
인천,미추홀구,중학교,0.2,7591,17,16,1,0,0,0
인천,미추홀구,고등학교,1.4,9244,125,1,0,119,5,0
인천,미추홀구,(일반고),0.9,5605,48,1,0,47,0,0
인천,미추홀구,(특목고),0.9,465,4,0,0,4,0,0
인천,미추홀구,(특성화고),2.3,3174,73,0,0,68,5,0
인천,미추홀구,소계,0.5,34378,186,48,14,119,5,0
인천,남동구,초등학교,0.2,29286,69,28,41,0,0,0
인천,남동구,중학교,0.4,14360,51,41,10,0,0,0
인천,남동구,고등학교,0.7,11229,84,0,0,84,0,0
인천,남동구,(일반고),0.8,8880,71,0,0,71,0,0
인천,남동구,(특목고),0.6,1030,6,0,0,6,0,0
인천,남동구,(특성화고),0.6,619,4,0,0,4,0,0
인천,남동구,(자율고),0.4,700,3,0,0,3,0,0
인천,남동구,소계,0.4,54875,204,69,51,84,0,0
인천,부평구,초등학교,0.2,23670,56,28,28,0,0,0
인천,부평구,중학교,0.2,12176,30,23,7,0,0,0
인천,부평구,고등학교,0.8,10909,82,1,0,81,0,0
인천,부평구,(일반고),0.6,7859,50,1,0,49,0,0
인천,부평구,(특목고),0.9,815,7,0,0,7,0,0
인천,부평구,(특성화고),1.3,1670,21,0,0,21,0,0
인천,부평구,(자율고),0.7,565,4,0,0,4,0,0
인천,부평구,소계,0.4,46755,168,52,35,81,0,0
인천,계양구,초등학교,0.2,14220,35,17,18,0,0,0
인천,계양구,중학교,0.2,7313,15,11,4,0,0,0
인천,계양구,고등학교,0.5,6914,38,0,0,38,0,0
인천,계양구,(일반고),0.5,5511,30,0,0,30,0,0
인천,계양구,(특성화고),0.6,704,4,0,0,4,0,0
인천,계양구,(자율고),0.6,699,4,0,0,4,0,0
인천,계양구,소계,0.3,28447,88,28,22,38,0,0
인천,서구,초등학교,0.3,33240,115,79,36,0,0,0
인천,서구,중학교,0.3,16029,47,37,10,0,0,0
인천,서구,고등학교,0.8,13731,104,1,0,103,0,0
인천,서구,(일반고),0.7,11258,78,0,0,78,0,0
인천,서구,(특목고),0.4,284,1,0,0,1,0,0
인천,서구,(특성화고),1.1,2189,25,1,0,24,0,0
인천,서구,소계,0.4,63000,266,117,46,103,0,0
인천,강화군,초등학교,0.2,2337,5,2,3,0,0,0
인천,강화군,중학교,0.2,1333,3,3,0,0,0,0
인천,강화군,고등학교,0.7,1669,11,0,0,11,0,0
인천,강화군,(일반고),0.8,768,6,0,0,6,0,0
인천,강화군,(특성화고),0.9,448,4,0,0,4,0,0
인천,강화군,(자율고),0.2,453,1,0,0,1,0,0
인천,강화군,소계,0.4,5339,19,5,3,11,0,0
인천,옹진군,초등학교,0.7,555,4,2,2,0,0,0
인천,옹진군,중학교,0.4,253,1,1,0,0,0,0
인천,옹진군,고등학교,0.4,241,1,0,0,1,0,0
인천,옹진군,(일반고),0.4,241,1,0,0,1,0,0
인천,옹진군,소계,0.6,1049,6,3,2,1,0,0
인천,소계,초등학교,0.3,156928,519,292,227,0,0,0
인천,소계,중학교,0.4,76346,279,210,69,0,0,0
인천,소계,고등학교,0.9,74886,684,3,0,669,12,0
인천,소계,(일반고),0.8,51908,429,2,0,425,2,0
인천,소계,(특목고),0.6,3779,22,0,0,22,0,0
인천,소계,(특성화고),1.4,14669,204,1,0,193,10,0
인천,소계,(자율고),0.6,4530,29,0,0,29,0,0
인천,소계,소계,0.5,308160,1482,505,296,669,12,0
광주,동구,초등학교,0.4,3318,14,6,8,0,0,0
광주,동구,중학교,0.3,1618,5,4,1,0,0,0
광주,동구,고등학교,0.6,3152,20,0,0,20,0,0
광주,동구,(일반고),0.5,2459,12,0,0,12,0,0
광주,동구,(자율고),1.2,693,8,0,0,8,0,0
광주,동구,소계,0.5,8088,39,10,9,20,0,0
광주,서구,초등학교,0.3,16292,45,31,14,0,0,0
광주,서구,중학교,0.3,7667,22,18,4,0,0,0
광주,서구,고등학교,1,5925,60,1,0,59,0,0
광주,서구,(일반고),0.9,5293,49,0,0,49,0,0
광주,서구,(자율고),1.7,632,11,1,0,10,0,0
광주,서구,소계,0.4,29884,127,50,18,59,0,0
광주,남구,초등학교,0.7,13534,93,78,15,0,0,0
광주,남구,중학교,0.5,7327,40,33,7,0,0,0
광주,남구,고등학교,1.5,9821,146,0,0,137,9,0
광주,남구,(일반고),1,7642,75,0,0,75,0,0
광주,남구,(특성화고),3.3,2179,71,0,0,62,9,0
광주,남구,소계,0.9,30682,279,111,22,137,9,0
광주,북구,초등학교,0.2,23067,49,34,15,0,0,0
광주,북구,중학교,0.3,11828,35,32,3,0,0,0
광주,북구,고등학교,0.9,14202,131,0,0,131,0,0
광주,북구,(일반고),0.6,9871,61,0,0,61,0,0
광주,북구,(특목고),0.9,938,8,0,0,8,0,0
광주,북구,(특성화고),2.2,2692,59,0,0,59,0,0
광주,북구,(자율고),0.4,701,3,0,0,3,0,0
광주,북구,소계,0.4,49097,215,66,18,131,0,0
광주,광산구,초등학교,0.3,30208,95,53,42,0,0,0
광주,광산구,중학교,0.3,14975,42,32,10,0,0,0
광주,광산구,고등학교,0.7,12512,90,0,0,90,0,0
광주,광산구,(일반고),0.5,9898,50,0,0,50,0,0
광주,광산구,(특목고),0.8,480,4,0,0,4,0,0
광주,광산구,(특성화고),1.7,2134,36,0,0,36,0,0
광주,광산구,소계,0.4,57695,227,85,52,90,0,0
광주,소계,초등학교,0.3,86419,296,202,94,0,0,0
광주,소계,중학교,0.3,43415,144,119,25,0,0,0
광주,소계,고등학교,1,45612,447,1,0,437,9,0
광주,소계,(일반고),0.7,35163,247,0,0,247,0,0
광주,소계,(특목고),0.8,1418,12,0,0,12,0,0
광주,소계,(특성화고),2.4,7005,166,0,0,157,9,0
광주,소계,(자율고),1.1,2026,22,1,0,21,0,0
광주,소계,소계,0.5,175446,887,322,119,437,9,0
대전,동구,초등학교,0.2,10740,24,10,14,0,0,0
대전,동구,중학교,0.3,4782,13,9,4,0,0,0
대전,동구,고등학교,1,5956,59,0,0,57,2,0
대전,동구,(일반고),0.9,2853,27,0,0,25,2,0
대전,동구,(특목고),0.2,809,2,0,0,2,0,0
대전,동구,(특성화고),1.2,1245,15,0,0,15,0,0
대전,동구,(자율고),1.4,1049,15,0,0,15,0,0
대전,동구,소계,0.4,21478,96,19,18,57,2,0
대전,중구,초등학교,0.2,11797,24,14,10,0,0,0
대전,중구,중학교,0.3,5741,20,17,3,0,0,0
대전,중구,고등학교,1.3,9945,127,0,0,126,1,0
대전,중구,(일반고),0.8,5210,42,0,0,42,0,0
대전,중구,(특성화고),2.5,2681,68,0,0,67,1,0
대전,중구,(자율고),0.8,2054,17,0,0,17,0,0
대전,중구,소계,0.6,27483,171,31,13,126,1,0
대전,서구,초등학교,0.3,26179,87,52,35,0,0,0
대전,서구,중학교,0.5,14955,79,63,16,0,0,0
대전,서구,고등학교,1.2,12502,152,1,0,151,0,0
대전,서구,(일반고),1.2,9709,116,1,0,115,0,0
대전,서구,(특목고),2.1,745,16,0,0,16,0,0
대전,서구,(자율고),1,2048,20,0,0,20,0,0
대전,서구,소계,0.6,53636,318,116,51,151,0,0
대전,유성구,초등학교,0.6,22814,129,49,80,0,0,0
대전,유성구,중학교,0.6,10544,67,50,17,0,0,0
대전,유성구,고등학교,1.3,10671,142,0,0,141,1,0
대전,유성구,(일반고),1.3,7112,95,0,0,95,0,0
대전,유성구,(특목고),0.3,1395,4,0,0,4,0,0
대전,유성구,(특성화고),2.6,1480,38,0,0,37,1,0
대전,유성구,(자율고),0.7,684,5,0,0,5,0,0
대전,유성구,소계,0.8,44029,338,99,97,141,1,0
대전,대덕구,초등학교,0.1,8277,10,7,3,0,0,0
대전,대덕구,중학교,0.4,4672,21,17,4,0,0,0
대전,대덕구,고등학교,0.8,3414,26,0,0,25,1,0
대전,대덕구,(일반고),0.5,1819,10,0,0,9,1,0
대전,대덕구,(특성화고),2.3,556,13,0,0,13,0,0
대전,대덕구,(자율고),0.3,1039,3,0,0,3,0,0
대전,대덕구,소계,0.3,16363,57,24,7,25,1,0
대전,소계,초등학교,0.3,79807,274,132,142,0,0,0
대전,소계,중학교,0.5,40694,200,156,44,0,0,0
대전,소계,고등학교,1.2,42488,506,1,0,500,5,0
대전,소계,(일반고),1.1,26703,290,1,0,286,3,0
대전,소계,(특목고),0.7,2949,22,0,0,22,0,0
대전,소계,(특성화고),2.2,5962,134,0,0,132,2,0
대전,소계,(자율고),0.9,6874,60,0,0,60,0,0
대전,소계,소계,0.6,162989,980,289,186,500,5,0
울산,중구,초등학교,0.3,11933,30,13,17,0,0,0
울산,중구,중학교,0.3,5556,18,12,6,0,0,0
울산,중구,고등학교,0.5,4760,24,0,0,24,0,0
울산,중구,(일반고),0.6,3754,23,0,0,23,0,0
울산,중구,(특성화고),0.3,290,1,0,0,1,0,0
울산,중구,(자율고),0,716,,,,,,
울산,중구,소계,0.3,22249,72,25,23,24,0,0
울산,남구,초등학교,0.2,16085,31,10,21,0,0,0
울산,남구,중학교,0.2,8752,20,16,4,0,0,0
울산,남구,고등학교,0.7,9729,67,0,0,67,0,0
울산,남구,(일반고),0.6,7822,47,0,0,47,0,0
울산,남구,(특성화고),1,1907,20,0,0,20,0,0
울산,남구,소계,0.3,34566,118,26,25,67,0,0
울산,동구,초등학교,0.2,10290,16,4,12,0,0,0
울산,동구,중학교,0.2,4489,8,7,1,0,0,0
울산,동구,고등학교,0.7,4735,35,0,0,35,0,0
울산,동구,(일반고),0.6,2723,17,0,0,17,0,0
울산,동구,(특목고),0.3,346,1,0,0,1,0,0
울산,동구,(특성화고),1.3,627,8,0,0,8,0,0
울산,동구,(자율고),0.9,1039,9,0,0,9,0,0
울산,동구,소계,0.3,19514,59,11,13,35,0,0
울산,북구,초등학교,0.2,15893,25,11,14,0,0,0
울산,북구,중학교,0.2,6930,13,7,6,0,0,0
울산,북구,고등학교,0.4,5780,23,0,0,23,0,0
울산,북구,(일반고),0.4,4405,19,0,0,19,0,0
울산,북구,(특목고),0.3,1375,4,0,0,4,0,0
울산,북구,소계,0.2,28603,61,18,20,23,0,0
울산,울주군,초등학교,0.3,13196,40,27,13,0,0,0
울산,울주군,중학교,0.3,6070,21,17,4,0,0,0
울산,울주군,고등학교,1.3,6387,84,0,0,77,7,0
울산,울주군,(일반고),0.6,3965,22,0,0,22,0,0
울산,울주군,(특목고),0.7,440,3,0,0,3,0,0
울산,울주군,(특성화고),3,1982,59,0,0,52,7,0
울산,울주군,소계,0.6,25653,145,44,17,77,7,0
울산,소계,초등학교,0.2,67397,142,65,77,0,0,0
울산,소계,중학교,0.3,31797,80,59,21,0,0,0
울산,소계,고등학교,0.7,31391,233,0,0,226,7,0
울산,소계,(일반고),0.6,22669,128,0,0,128,0,0
울산,소계,(특목고),0.4,2161,8,0,0,8,0,0
울산,소계,(특성화고),1.8,4806,88,0,0,81,7,0
울산,소계,(자율고),0.5,1755,9,0,0,9,0,0
울산,소계,소계,0.3,130585,455,124,98,226,7,0
세종,세종시,초등학교,0.8,29487,245,60,185,0,0,0
세종,세종시,중학교,0.9,12395,110,53,57,0,0,0
세종,세종시,고등학교,1.7,10246,178,0,0,178,0,0
세종,세종시,(일반고),1.8,8400,154,0,0,154,0,0
세종,세종시,(특목고),0.9,804,7,0,0,7,0,0
세종,세종시,(특성화고),1.2,426,5,0,0,5,0,0
세종,세종시,(자율고),1.9,616,12,0,0,12,0,0
세종,세종시,소계,1,52128,533,113,242,178,0,0
세종,소계,초등학교,0.8,29487,245,60,185,0,0,0
세종,소계,중학교,0.9,12395,110,53,57,0,0,0
세종,소계,고등학교,1.7,10246,178,0,0,178,0,0
세종,소계,(일반고),1.8,8400,154,0,0,154,0,0
세종,소계,(특목고),0.9,804,7,0,0,7,0,0
세종,소계,(특성화고),1.2,426,5,0,0,5,0,0
세종,소계,(자율고),1.9,616,12,0,0,12,0,0
세종,소계,소계,1,52128,533,113,242,178,0,0
경기,수원시,초등학교,0.6,67474,438,229,209,0,0,0
경기,수원시,중학교,0.5,33013,176,108,68,0,0,0
경기,수원시,고등학교,1,36338,368,2,0,362,4,0
경기,수원시,(일반고),1.1,27319,287,2,0,283,2,0
경기,수원시,(특목고),0.4,1750,7,0,0,7,0,0
경기,수원시,(특성화고),1.1,6509,71,0,0,69,2,0
경기,수원시,(자율고),0.4,760,3,0,0,3,0,0
경기,수원시,소계,0.7,136825,982,339,277,362,4,0
경기,성남시,초등학교,1.1,45788,487,264,223,0,0,0
경기,성남시,중학교,1.2,23453,270,185,85,0,0,0
경기,성남시,고등학교,1.2,26272,320,0,0,319,1,0
경기,성남시,(일반고),1.2,20239,248,0,0,247,1,0
경기,성남시,(특목고),0.9,1580,14,0,0,14,0,0
경기,성남시,(특성화고),1.3,4453,58,0,0,58,0,0
경기,성남시,소계,1.1,95513,1077,449,308,319,1,0
경기,부천시,초등학교,0.4,38989,153,104,49,0,0,0
경기,부천시,중학교,0.3,19603,61,46,15,0,0,0
경기,부천시,고등학교,0.9,19733,181,0,0,180,1,0
경기,부천시,(일반고),0.8,16085,129,0,0,129,0,0
경기,부천시,(특목고),1,709,7,0,0,7,0,0
경기,부천시,(특성화고),1.5,2939,45,0,0,44,1,0
경기,부천시,소계,0.5,78325,395,150,64,180,1,0
경기,안양시,초등학교,0.5,27336,124,72,52,0,0,0
경기,안양시,중학교,0.4,14891,67,49,18,0,0,0
경기,안양시,고등학교,1,17267,174,1,0,169,4,0
경기,안양시,(일반고),0.9,12280,109,1,0,108,0,0
경기,안양시,(특목고),0.7,1765,13,0,0,13,0,0
경기,안양시,(특성화고),1.6,3222,52,0,0,48,4,0
경기,안양시,소계,0.6,59494,365,122,70,169,4,0
경기,과천시,초등학교,1.4,2882,41,14,27,0,0,0
경기,과천시,중학교,1,1647,16,12,4,0,0,0
경기,과천시,고등학교,1.3,2193,28,0,0,28,0,0
경기,과천시,(일반고),1.6,1530,24,0,0,24,0,0
경기,과천시,(특목고),0.6,663,4,0,0,4,0,0
경기,과천시,소계,1.3,6722,85,26,31,28,0,0
경기,안산시,초등학교,0.3,33219,113,40,73,0,0,0
경기,안산시,중학교,0.4,17799,67,43,24,0,0,0
경기,안산시,고등학교,1,20264,193,1,0,190,2,0
경기,안산시,(일반고),0.8,14388,111,1,0,109,1,0
경기,안산시,(특성화고),1.6,4797,75,0,0,74,1,0
경기,안산시,(자율고),0.6,1079,7,0,0,7,0,0
경기,안산시,소계,0.5,71282,373,84,97,190,2,0
경기,용인시,초등학교,1.1,68903,760,469,291,0,0,0
경기,용인시,중학교,0.9,32763,307,207,100,0,0,0
경기,용인시,고등학교,1.2,27152,336,0,0,335,1,0
경기,용인시,(일반고),1.3,25206,320,0,0,319,1,0
경기,용인시,(특성화고),1.3,844,11,0,0,11,0,0
경기,용인시,(자율고),0.5,1102,5,0,0,5,0,0
경기,용인시,소계,1.1,128818,1403,676,391,335,1,0
경기,군포시,초등학교,0.4,14676,58,26,32,0,0,0
경기,군포시,중학교,0.4,7302,29,18,11,0,0,0
경기,군포시,고등학교,0.9,6730,63,0,0,63,0,0
경기,군포시,(일반고),0.7,5371,35,0,0,35,0,0
경기,군포시,(특성화고),2.6,765,20,0,0,20,0,0
경기,군포시,(자율고),1.3,594,8,0,0,8,0,0
경기,군포시,소계,0.5,28708,150,44,43,63,0,0
경기,의왕시,초등학교,1.2,7455,86,66,20,0,0,0
경기,의왕시,중학교,0.8,3321,26,22,4,0,0,0
경기,의왕시,고등학교,1.3,3321,42,0,0,42,0,0
경기,의왕시,(일반고),1.2,2164,25,0,0,25,0,0
경기,의왕시,(특목고),1.8,598,11,0,0,11,0,0
경기,의왕시,(자율고),1.1,559,6,0,0,6,0,0
경기,의왕시,소계,1.1,14097,154,88,24,42,0,0
경기,시흥시,초등학교,0.4,30471,119,66,53,0,0,0
경기,시흥시,중학교,0.3,13840,39,26,13,0,0,0
경기,시흥시,고등학교,1,13093,134,0,0,133,1,0
경기,시흥시,(일반고),1,10046,98,0,0,97,1,0
경기,시흥시,(특성화고),1.6,2198,36,0,0,36,0,0
경기,시흥시,(자율고),0,849,,,,,,
경기,시흥시,소계,0.5,57404,292,92,66,133,1,0
경기,평택시,초등학교,0.3,31602,103,63,40,0,0,0
경기,평택시,중학교,0.5,14566,75,63,12,0,0,0
경기,평택시,고등학교,1.2,14748,179,0,0,171,3,5
경기,평택시,(일반고),1.2,12075,141,0,0,135,1,5
경기,평택시,(특목고),0.4,483,2,0,0,2,0,0
경기,평택시,(특성화고),1.6,2190,36,0,0,34,2,0
경기,평택시,소계,0.6,60916,357,126,52,171,3,5
경기,화성시,초등학교,0.7,66535,449,221,228,0,0,0
경기,화성시,중학교,0.6,27377,157,93,64,0,0,0
경기,화성시,고등학교,1.3,19961,257,1,0,254,2,0
경기,화성시,(일반고),1.3,18632,244,1,0,241,2,0
경기,화성시,(특목고),0.8,594,5,0,0,5,0,0
경기,화성시,(특성화고),1.1,735,8,0,0,8,0,0
경기,화성시,소계,0.8,113873,863,315,292,254,2,0
경기,오산시,초등학교,0.3,16481,52,18,34,0,0,0
경기,오산시,중학교,0.3,7129,18,11,7,0,0,0
경기,오산시,고등학교,1,6573,67,0,0,66,1,0
경기,오산시,(일반고),0.8,5899,49,0,0,48,1,0
경기,오산시,(특성화고),2.7,674,18,0,0,18,0,0
경기,오산시,소계,0.5,30183,137,29,41,66,1,0
경기,광명시,초등학교,0.4,17318,73,30,43,0,0,0
경기,광명시,중학교,0.5,8912,45,34,11,0,0,0
경기,광명시,고등학교,1.1,8371,96,1,0,95,0,0
경기,광명시,(일반고),1.1,6956,75,1,0,74,0,0
경기,광명시,(특성화고),2.9,716,21,0,0,21,0,0
경기,광명시,(자율고),0,699,,,,,,
경기,광명시,소계,0.6,34601,214,65,54,95,0,0
경기,광주시,초등학교,0.7,19933,130,54,76,0,0,0
경기,광주시,중학교,0.4,8706,32,30,2,0,0,0
경기,광주시,고등학교,0.8,6385,52,0,0,51,1,0
경기,광주시,(일반고),0.8,5994,50,0,0,49,1,0
경기,광주시,(특성화고),0.5,391,2,0,0,2,0,0
경기,광주시,소계,0.6,35024,214,84,78,51,1,0
경기,하남시,초등학교,0.6,16940,96,54,42,0,0,0
경기,하남시,중학교,0.6,6461,40,31,9,0,0,0
경기,하남시,고등학교,1.3,5034,63,0,0,60,2,1
경기,하남시,(일반고),1,4106,42,0,0,41,0,1
경기,하남시,(특성화고),2.3,928,21,0,0,19,2,0
경기,하남시,소계,0.7,28435,199,85,51,60,2,1
경기,김포시,초등학교,0.5,32551,151,79,72,0,0,0
경기,김포시,중학교,0.5,12859,66,50,16,0,0,0
경기,김포시,고등학교,1.4,10446,142,1,0,140,1,0
경기,김포시,(일반고),1.3,9305,124,1,0,122,1,0
경기,김포시,(특목고),1.6,505,8,0,0,8,0,0
경기,김포시,(특성화고),1.6,636,10,0,0,10,0,0
경기,김포시,소계,0.6,55856,359,130,88,140,1,0
경기,이천시,초등학교,0.3,12879,35,18,17,0,0,0
경기,이천시,중학교,0.3,6304,19,13,6,0,0,0
경기,이천시,고등학교,1,6124,60,0,0,58,1,1
경기,이천시,(일반고),0.9,5768,50,0,0,48,1,1
경기,이천시,(특성화고),2.8,356,10,0,0,10,0,0
경기,이천시,소계,0.5,25307,114,31,23,58,1,1
경기,안성시,초등학교,0.4,10657,42,11,31,0,0,0
경기,안성시,중학교,0.4,4986,19,13,6,0,0,0
경기,안성시,고등학교,1.2,4589,53,0,0,52,0,1
경기,안성시,(일반고),1.3,3728,49,0,0,48,0,1
경기,안성시,(특성화고),0.5,861,4,0,0,4,0,0
경기,안성시,소계,0.6,20232,114,24,37,52,0,1
경기,여주시,초등학교,0.3,5248,17,5,12,0,0,0
경기,여주시,중학교,0.1,2670,2,1,1,0,0,0
경기,여주시,고등학교,1.1,2934,32,2,0,30,0,0
경기,여주시,(일반고),0.9,2218,20,2,0,18,0,0
경기,여주시,(특성화고),1.7,716,12,0,0,12,0,0
경기,여주시,소계,0.5,10852,51,8,13,30,0,0
경기,양평군,초등학교,1,5086,53,28,25,0,0,0
경기,양평군,중학교,1.1,2708,31,30,1,0,0,0
경기,양평군,고등학교,1.1,2859,32,0,0,29,3,0
경기,양평군,(일반고),1,2664,27,0,0,24,3,0
경기,양평군,(특성화고),2.6,195,5,0,0,5,0,0
경기,양평군,소계,1.1,10653,116,58,26,29,3,0
경기,고양시,초등학교,0.6,54930,325,200,125,0,0,0
경기,고양시,중학교,0.6,27615,171,129,42,0,0,0
경기,고양시,고등학교,1.3,29095,389,0,0,384,5,0
경기,고양시,(일반고),1.2,22812,281,0,0,281,0,0
경기,고양시,(특목고),1.3,2120,27,0,0,27,0,0
경기,고양시,(특성화고),1.9,3224,61,0,0,57,4,0
경기,고양시,(자율고),2.1,939,20,0,0,19,1,0
경기,고양시,소계,0.8,111640,885,329,167,384,5,0
경기,남양주시,초등학교,0.6,44660,252,214,38,0,0,0
경기,남양주시,중학교,0.4,20805,87,75,12,0,0,0
경기,남양주시,고등학교,0.9,17975,162,0,0,162,0,0
경기,남양주시,(일반고),0.9,16955,148,0,0,148,0,0
경기,남양주시,(특성화고),2.2,449,10,0,0,10,0,0
경기,남양주시,(자율고),0.7,571,4,0,0,4,0,0
경기,남양주시,소계,0.6,83440,501,289,50,162,0,0
경기,구리시,초등학교,0.6,9738,56,43,13,0,0,0
경기,구리시,중학교,0.6,4726,28,24,4,0,0,0
경기,구리시,고등학교,0.6,4789,27,0,0,27,0,0
경기,구리시,(일반고),0.6,4789,27,0,0,27,0,0
경기,구리시,소계,0.6,19253,111,67,17,27,0,0
경기,의정부시,초등학교,0.4,22170,85,70,15,0,0,0
경기,의정부시,중학교,0.3,11506,34,30,4,0,0,0
경기,의정부시,고등학교,0.9,12031,103,0,0,98,4,1
경기,의정부시,(일반고),0.7,9674,72,0,0,71,0,1
경기,의정부시,(특목고),0,274,0,0,0,0,0,0
경기,의정부시,(특성화고),1.5,2083,31,0,0,27,4,0
경기,의정부시,소계,0.5,45707,222,100,19,98,4,1
경기,파주시,초등학교,0.4,29154,122,89,33,0,0,0
경기,파주시,중학교,0.7,13494,92,77,15,0,0,0
경기,파주시,고등학교,1.2,12286,142,0,0,140,2,0
경기,파주시,(일반고),1.2,10288,120,0,0,118,2,0
경기,파주시,(특성화고),1.4,917,13,0,0,13,0,0
경기,파주시,(자율고),0.8,1081,9,0,0,9,0,0
경기,파주시,소계,0.6,54934,356,166,48,140,2,0
경기,동두천시,초등학교,0.2,4787,11,5,6,0,0,0
경기,동두천시,중학교,0.4,2415,9,8,1,0,0,0
경기,동두천시,고등학교,1.2,2785,33,0,0,32,1,0
경기,동두천시,(일반고),1.3,1617,21,0,0,21,0,0
경기,동두천시,(특목고),0.3,598,2,0,0,2,0,0
경기,동두천시,(특성화고),1.8,570,10,0,0,9,1,0
경기,동두천시,소계,0.5,9987,53,13,7,32,1,0
경기,양주시,초등학교,0.5,13384,61,37,24,0,0,0
경기,양주시,중학교,0.4,6376,27,22,5,0,0,0
경기,양주시,고등학교,0.8,5229,43,0,0,41,2,0
경기,양주시,(일반고),0.9,4354,39,0,0,37,2,0
경기,양주시,(특성화고),1.2,325,4,0,0,4,0,0
경기,양주시,(자율고),0,550,,,,,,
경기,양주시,소계,0.5,24989,131,59,29,41,2,0
경기,포천시,초등학교,0.4,6334,23,11,12,0,0,0
경기,포천시,중학교,0.4,3287,13,11,2,0,0,0
경기,포천시,고등학교,0.9,3345,30,0,0,28,2,0
경기,포천시,(일반고),0.9,3192,29,0,0,27,2,0
경기,포천시,(특성화고),0.7,153,1,0,0,1,0,0
경기,포천시,소계,0.5,12966,66,22,14,28,2,0
경기,가평군,초등학교,0.5,2449,12,9,3,0,0,0
경기,가평군,중학교,0.8,1542,13,9,4,0,0,0
경기,가평군,고등학교,0.9,1481,14,0,0,13,1,0
경기,가평군,(일반고),1,1177,12,0,0,11,1,0
경기,가평군,(특목고),0.7,304,2,0,0,2,0,0
경기,가평군,소계,0.7,5472,39,18,7,13,1,0
경기,연천군,초등학교,0.1,1702,1,1,0,0,0,0
경기,연천군,중학교,0,841,0,0,0,0,0,0
경기,연천군,고등학교,0.8,796,6,0,0,6,0,0
경기,연천군,(일반고),0.8,796,6,0,0,6,0,0
경기,연천군,소계,0.2,3339,7,1,0,6,0,0
경기,소계,초등학교,0.6,761731,4528,2610,1918,0,0,0
경기,소계,중학교,0.6,362917,2036,1470,566,0,0,0
경기,소계,고등학교,1.1,350199,3821,9,0,3758,45,9
경기,소계,(일반고),1,287627,3012,9,0,2971,23,9
경기,소계,(특목고),0.9,11943,102,0,0,102,0,0
경기,소계,(특성화고),1.5,41846,645,0,0,624,21,0
경기,소계,(자율고),0.7,8783,62,0,0,61,1,0
경기,소계,소계,0.7,1474847,10385,4089,2484,3758,45,9
강원,춘천시,초등학교,0.3,14913,44,18,26,0,0,0
강원,춘천시,중학교,0.3,7574,26,18,8,0,0,0
강원,춘천시,고등학교,1.1,7860,86,0,0,84,2,0
강원,춘천시,(일반고),0.8,5610,45,0,0,45,0,0
강원,춘천시,(특목고),0.5,219,1,0,0,1,0,0
강원,춘천시,(특성화고),2,2031,40,0,0,38,2,0
강원,춘천시,소계,0.5,30347,156,36,34,84,2,0
강원,원주시,초등학교,0.4,19691,86,42,44,0,0,0
강원,원주시,중학교,0.5,10146,53,40,13,0,0,0
강원,원주시,고등학교,1.5,9807,144,0,0,143,1,0
강원,원주시,(일반고),0.9,7743,67,0,0,67,0,0
강원,원주시,(특목고),0.8,512,4,0,0,4,0,0
강원,원주시,(특성화고),4.7,1552,73,0,0,72,1,0
강원,원주시,소계,0.7,39644,283,82,57,143,1,0
강원,강릉시,초등학교,0.2,9771,21,4,17,0,0,0
강원,강릉시,중학교,0.4,5285,22,22,0,0,0,0
강원,강릉시,고등학교,1.1,5673,61,0,0,56,5,0
강원,강릉시,(일반고),0.6,4582,26,0,0,26,0,0
강원,강릉시,(특목고),2.2,184,4,0,0,4,0,0
강원,강릉시,(특성화고),3.4,907,31,0,0,26,5,0
강원,강릉시,소계,0.5,20729,104,26,17,56,5,0
강원,동해시,초등학교,0.1,4913,6,4,2,0,0,0
강원,동해시,중학교,0.2,2464,5,4,1,0,0,0
강원,동해시,고등학교,0.9,2565,22,0,0,21,1,0
강원,동해시,(일반고),0.6,2345,15,0,0,15,0,0
강원,동해시,(특성화고),3.2,220,7,0,0,6,1,0
강원,동해시,소계,0.3,9942,33,8,3,21,1,0
강원,태백시,초등학교,0,2100,1,1,0,0,0,0
강원,태백시,중학교,0.3,1045,3,3,0,0,0,0
강원,태백시,고등학교,1,1096,11,0,0,11,0,0
강원,태백시,(일반고),0.6,782,5,0,0,5,0,0
강원,태백시,(특성화고),1.9,314,6,0,0,6,0,0
강원,태백시,소계,0.4,4241,15,4,0,11,0,0
강원,속초시,초등학교,0.2,3832,6,4,2,0,0,0
강원,속초시,중학교,0.3,2114,6,5,1,0,0,0
강원,속초시,고등학교,1.1,2188,24,0,0,24,0,0
강원,속초시,(일반고),1.1,2188,24,0,0,24,0,0
강원,속초시,소계,0.4,8134,36,9,3,24,0,0
강원,삼척시,초등학교,0,2667,0,0,0,0,0,0
강원,삼척시,중학교,0.3,1344,4,4,0,0,0,0
강원,삼척시,고등학교,0.5,1523,7,0,0,5,1,1
강원,삼척시,(일반고),0.4,1262,5,0,0,4,0,1
강원,삼척시,(특목고),0.4,229,1,0,0,0,1,0
강원,삼척시,(특성화고),3.1,32,1,0,0,1,0,0
강원,삼척시,소계,0.2,5534,11,4,0,5,1,1
강원,홍천군,초등학교,0.3,2626,9,5,4,0,0,0
강원,홍천군,중학교,0.7,1377,9,9,0,0,0,0
강원,홍천군,고등학교,1.2,1644,20,0,0,20,0,0
강원,홍천군,(일반고),0.9,1166,10,0,0,10,0,0
강원,홍천군,(특성화고),2.1,478,10,0,0,10,0,0
강원,홍천군,소계,0.7,5647,38,14,4,20,0,0
강원,횡성군,초등학교,0.1,1578,2,1,1,0,0,0
강원,횡성군,중학교,0.7,844,6,5,1,0,0,0
강원,횡성군,고등학교,1.1,1405,16,0,0,16,0,0
강원,횡성군,(일반고),1.2,812,10,0,0,10,0,0
강원,횡성군,(특성화고),3.8,130,5,0,0,5,0,0
강원,횡성군,(자율고),0.2,463,1,0,0,1,0,0
강원,횡성군,소계,0.6,3827,24,6,2,16,0,0
강원,영월군,초등학교,0.1,1213,1,0,1,0,0,0
강원,영월군,중학교,0.6,706,4,3,1,0,0,0
강원,영월군,고등학교,1.5,869,13,0,0,13,0,0
강원,영월군,(일반고),1.2,723,9,0,0,9,0,0
강원,영월군,(특목고),2.7,146,4,0,0,4,0,0
강원,영월군,소계,0.6,2788,18,3,2,13,0,0
강원,평창군,초등학교,1,1448,15,6,9,0,0,0
강원,평창군,중학교,0.3,761,2,1,1,0,0,0
강원,평창군,고등학교,0.7,747,5,0,0,5,0,0
강원,평창군,(일반고),0.7,747,5,0,0,5,0,0
강원,평창군,소계,0.7,2956,22,7,10,5,0,0
강원,정선군,초등학교,0.2,1366,3,0,3,0,0,0
강원,정선군,중학교,0.3,698,2,2,0,0,0,0
강원,정선군,고등학교,0.7,684,5,0,0,5,0,0
강원,정선군,(일반고),0.6,522,3,0,0,3,0,0
강원,정선군,(특성화고),1.2,162,2,0,0,2,0,0
강원,정선군,소계,0.4,2748,10,2,3,5,0,0
강원,철원군,초등학교,0.4,1996,7,2,5,0,0,0
강원,철원군,중학교,0.2,1083,2,1,1,0,0,0
강원,철원군,고등학교,0.5,1106,6,0,1,5,0,0
강원,철원군,(일반고),0.5,998,5,0,1,4,0,0
강원,철원군,(특성화고),0.9,108,1,0,0,1,0,0
강원,철원군,소계,0.4,4185,15,3,7,5,0,0
강원,화천군,초등학교,0.2,1022,2,0,2,0,0,0
강원,화천군,중학교,0,464,0,0,0,0,0,0
강원,화천군,고등학교,1.9,482,9,0,0,9,0,0
강원,화천군,(일반고),1.7,363,6,0,0,6,0,0
강원,화천군,(특성화고),2.5,119,3,0,0,3,0,0
강원,화천군,소계,0.6,1968,11,0,2,9,0,0
강원,양구군,초등학교,0.2,1029,2,2,0,0,0,0
강원,양구군,중학교,0,491,0,0,0,0,0,0
강원,양구군,고등학교,1.3,781,10,0,0,10,0,0
강원,양구군,(일반고),0.5,434,2,0,0,2,0,0
강원,양구군,(특목고),2.3,347,8,0,0,8,0,0
강원,양구군,소계,0.5,2301,12,2,0,10,0,0
강원,인제군,초등학교,0.3,1461,4,2,2,0,0,0
강원,인제군,중학교,0.6,636,4,3,1,0,0,0
강원,인제군,고등학교,0.8,497,4,0,0,4,0,0
강원,인제군,(일반고),0.8,497,4,0,0,4,0,0
강원,인제군,소계,0.5,2594,12,5,3,4,0,0
강원,고성군,초등학교,0.2,938,2,1,1,0,0,0
강원,고성군,중학교,0.6,325,2,2,0,0,0,0
강원,고성군,고등학교,2.3,433,10,0,0,10,0,0
강원,고성군,(일반고),0.8,251,2,0,0,2,0,0
강원,고성군,(특성화고),4.4,182,8,0,0,8,0,0
강원,고성군,소계,0.8,1696,14,3,1,10,0,0
강원,양양군,초등학교,0.2,914,2,2,0,0,0,0
강원,양양군,중학교,0,479,0,0,0,0,0,0
강원,양양군,고등학교,1.8,446,8,1,0,6,1,0
강원,양양군,(일반고),1.8,446,8,1,0,6,1,0
강원,양양군,소계,0.5,1839,10,3,0,6,1,0
강원,소계,초등학교,0.3,73478,213,94,119,0,0,0
강원,소계,중학교,0.4,37836,150,122,28,0,0,0
강원,소계,고등학교,1.2,39806,461,1,1,447,11,1
강원,소계,(일반고),0.8,31471,251,1,1,247,1,1
강원,소계,(특목고),1.3,1637,22,0,0,21,1,0
강원,소계,(특성화고),3,6235,187,0,0,178,9,0
강원,소계,(자율고),0.2,463,1,0,0,1,0,0
강원,소계,소계,0.5,151120,824,217,148,447,11,1
충북,청주시,초등학교,0.4,50284,176,55,121,0,0,0
충북,청주시,중학교,0.3,24162,74,43,31,0,0,0
충북,청주시,고등학교,1,24660,239,1,0,237,1,0
충북,청주시,(일반고),0.7,15397,108,0,0,108,0,0
충북,청주시,(특목고),0.8,1245,10,0,0,10,0,0
충북,청주시,(특성화고),1.9,5717,106,1,0,104,1,0
충북,청주시,(자율고),0.7,2301,15,0,0,15,0,0
충북,청주시,소계,0.5,99106,489,99,152,237,1,0
충북,충주시,초등학교,0.2,10311,25,15,10,0,0,0
충북,충주시,중학교,0.4,5204,22,19,3,0,0,0
충북,충주시,고등학교,1.4,5326,73,0,0,72,1,0
충북,충주시,(일반고),1.5,2554,38,0,0,37,1,0
충북,충주시,(특성화고),1.7,1512,25,0,0,25,0,0
충북,충주시,(자율고),0.8,1260,10,0,0,10,0,0
충북,충주시,소계,0.6,20841,120,34,13,72,1,0
충북,제천시,초등학교,0.1,6228,7,3,4,0,0,0
충북,제천시,중학교,0.3,3168,11,9,2,0,0,0
충북,제천시,고등학교,0.8,3205,27,0,0,27,0,0
충북,제천시,(일반고),0.4,2282,10,0,0,10,0,0
충북,제천시,(특성화고),1.8,923,17,0,0,17,0,0
충북,제천시,소계,0.4,12601,45,12,6,27,0,0
충북,보은군,초등학교,0.2,1067,2,0,2,0,0,0
충북,보은군,중학교,0.5,580,3,3,0,0,0,0
충북,보은군,고등학교,1.1,698,8,0,0,8,0,0
충북,보은군,(일반고),0.5,402,2,0,0,2,0,0
충북,보은군,(특성화고),2,296,6,0,0,6,0,0
충북,보은군,소계,0.6,2345,13,3,2,8,0,0
충북,옥천군,초등학교,0,2046,0,0,0,0,0,0
충북,옥천군,중학교,0.2,1071,2,1,1,0,0,0
충북,옥천군,고등학교,1,932,9,0,0,9,0,0
충북,옥천군,(일반고),0.5,664,3,0,0,3,0,0
충북,옥천군,(특성화고),2.2,268,6,0,0,6,0,0
충북,옥천군,소계,0.3,4049,11,1,1,9,0,0
충북,영동군,초등학교,0.2,1623,4,1,3,0,0,0
충북,영동군,중학교,0.2,895,2,2,0,0,0,0
충북,영동군,고등학교,0.2,950,2,0,0,2,0,0
충북,영동군,(일반고),0.2,554,1,0,0,1,0,0
충북,영동군,(특성화고),0.3,396,1,0,0,1,0,0
충북,영동군,소계,0.2,3468,8,3,3,2,0,0
충북,진천군,초등학교,0.2,5170,12,3,9,0,0,0
충북,진천군,중학교,0.1,2277,3,1,2,0,0,0
충북,진천군,고등학교,0.8,2209,17,1,0,15,1,0
충북,진천군,(일반고),0.7,1290,9,0,0,8,1,0
충북,진천군,(특목고),0.8,622,5,0,0,5,0,0
충북,진천군,(특성화고),1,297,3,1,0,2,0,0
충북,진천군,소계,0.3,9656,32,5,11,15,1,0
충북,괴산군,초등학교,0.2,1007,2,0,2,0,0,0
충북,괴산군,중학교,1,503,5,5,0,0,0,0
충북,괴산군,고등학교,0.8,362,3,0,0,3,0,0
충북,괴산군,(일반고),0.8,362,3,0,0,3,0,0
충북,괴산군,소계,0.5,1872,10,5,2,3,0,0
충북,음성군,초등학교,0.3,4353,15,2,13,0,0,0
충북,음성군,중학교,0.3,2043,6,5,1,0,0,0
충북,음성군,고등학교,0.7,1653,11,0,0,9,2,0
충북,음성군,(일반고),0.4,1304,5,0,0,5,0,0
충북,음성군,(특목고),1.7,349,6,0,0,4,2,0
충북,음성군,소계,0.4,8049,32,7,14,9,2,0
충북,단양군,초등학교,0.2,925,2,0,2,0,0,0
충북,단양군,중학교,0.2,587,1,1,0,0,0,0
충북,단양군,고등학교,0.7,578,4,0,0,4,0,0
충북,단양군,(특성화고),1.5,196,3,0,0,3,0,0
충북,단양군,(자율고),0.3,382,1,0,0,1,0,0
충북,단양군,소계,0.3,2090,7,1,2,4,0,0
충북,증평군,초등학교,0.2,2121,5,2,3,0,0,0
충북,증평군,중학교,0.3,968,3,3,0,0,0,0
충북,증평군,고등학교,6.6,976,64,0,0,61,3,0
충북,증평군,(일반고),0.7,305,2,0,0,2,0,0
충북,증평군,(특성화고),9.2,671,62,0,0,59,3,0
충북,증평군,소계,1.8,4065,72,5,3,61,3,0
충북,소계,초등학교,0.3,85135,250,81,169,0,0,0
충북,소계,중학교,0.3,41458,132,92,40,0,0,0
충북,소계,고등학교,1.1,41549,457,2,0,447,8,0
충북,소계,(일반고),0.7,25114,181,0,0,179,2,0
충북,소계,(특목고),0.9,2216,21,0,0,19,2,0
충북,소계,(특성화고),2.2,10276,229,2,0,223,4,0
충북,소계,(자율고),0.7,3943,26,0,0,26,0,0
충북,소계,소계,0.5,168142,839,175,209,447,8,0
충남,천안시,초등학교,0.4,41731,155,56,99,0,0,0
충남,천안시,중학교,0.4,19504,72,55,17,0,0,0
충남,천안시,고등학교,1.3,19319,249,1,0,243,5,0
충남,천안시,(일반고),0.9,12568,109,1,0,107,1,0
충남,천안시,(특목고),0.9,449,4,0,0,4,0,0
충남,천안시,(특성화고),2.6,4479,116,0,0,112,4,0
충남,천안시,(자율고),1.1,1823,20,0,0,20,0,0
충남,천안시,소계,0.6,80554,476,112,116,243,5,0
충남,공주시,초등학교,0.3,4312,12,6,6,0,0,0
충남,공주시,중학교,0.3,2270,6,5,1,0,0,0
충남,공주시,고등학교,1.1,3871,42,0,0,39,3,0
충남,공주시,(일반고),0.7,2859,19,0,0,19,0,0
충남,공주시,(특목고),1.6,433,7,0,0,6,1,0
충남,공주시,(특성화고),2.8,579,16,0,0,14,2,0
충남,공주시,소계,0.6,10453,60,11,7,39,3,0
충남,보령시,초등학교,0.2,4472,7,3,4,0,0,0
충남,보령시,중학교,0.1,2247,3,2,1,0,0,0
충남,보령시,고등학교,0.9,1979,18,0,0,17,1,0
충남,보령시,(일반고),0.2,1231,3,0,0,3,0,0
충남,보령시,(특성화고),2,748,15,0,0,14,1,0
충남,보령시,소계,0.3,8698,28,5,5,17,1,0
충남,아산시,초등학교,0.5,22616,121,57,64,0,0,0
충남,아산시,중학교,0.5,10016,53,42,11,0,0,0
충남,아산시,고등학교,1.4,8879,122,0,0,117,5,0
충남,아산시,(일반고),1.3,7132,92,0,0,88,4,0
충남,아산시,(특목고),1.7,403,7,0,0,7,0,0
충남,아산시,(특성화고),4.3,278,12,0,0,11,1,0
충남,아산시,(자율고),1,1066,11,0,0,11,0,0
충남,아산시,소계,0.7,41511,296,99,75,117,5,0
충남,서산시,초등학교,0.4,10336,46,24,22,0,0,0
충남,서산시,중학교,0.3,4808,13,11,2,0,0,0
충남,서산시,고등학교,1.4,4136,57,0,0,56,1,0
충남,서산시,(일반고),1.3,3314,44,0,0,43,1,0
충남,서산시,(특성화고),3.1,355,11,0,0,11,0,0
충남,서산시,(자율고),0.4,467,2,0,0,2,0,0
충남,서산시,소계,0.6,19280,116,35,24,56,1,0
충남,논산시,초등학교,0.3,5374,14,2,12,0,0,0
충남,논산시,중학교,0.5,2804,13,11,2,0,0,0
충남,논산시,고등학교,1.9,4123,78,0,0,77,1,0
충남,논산시,(일반고),0.8,2012,16,0,0,16,0,0
충남,논산시,(특목고),2.5,487,12,0,0,12,0,0
충남,논산시,(특성화고),4.2,1154,48,0,0,47,1,0
충남,논산시,(자율고),0.4,470,2,0,0,2,0,0
충남,논산시,소계,0.9,12301,105,13,14,77,1,0
충남,계룡시,초등학교,0.2,2949,6,3,3,0,0,0
충남,계룡시,중학교,0.5,1902,10,9,1,0,0,0
충남,계룡시,고등학교,1,1352,13,0,0,13,0,0
충남,계룡시,(일반고),2.4,548,13,0,0,13,0,0
충남,계룡시,(자율고),0,804,,,,,,
충남,계룡시,소계,0.5,6203,29,12,4,13,0,0
충남,금산군,초등학교,0.3,2110,6,5,1,0,0,0
충남,금산군,중학교,0.8,1097,9,8,1,0,0,0
충남,금산군,고등학교,1.1,952,10,0,0,10,0,0
충남,금산군,(일반고),0.6,645,4,0,0,4,0,0
충남,금산군,(특성화고),2,307,6,0,0,6,0,0
충남,금산군,소계,0.6,4159,25,13,2,10,0,0
충남,부여군,초등학교,0.1,2225,2,2,0,0,0,0
충남,부여군,중학교,0.3,1344,4,4,0,0,0,0
충남,부여군,고등학교,1.5,1307,19,1,0,17,1,0
충남,부여군,(일반고),0.8,863,7,1,0,6,0,0
충남,부여군,(특목고),1.1,179,2,0,0,2,0,0
충남,부여군,(특성화고),3.8,265,10,0,0,9,1,0
충남,부여군,소계,0.5,4876,25,7,0,17,1,0
충남,서천군,초등학교,0.2,1735,3,0,3,0,0,0
충남,서천군,중학교,0,935,0,0,0,0,0,0
충남,서천군,고등학교,1.7,1283,22,0,0,22,0,0
충남,서천군,(일반고),1.5,527,8,0,0,8,0,0
충남,서천군,(특목고),1.3,155,2,0,0,2,0,0
충남,서천군,(특성화고),2,344,7,0,0,7,0,0
충남,서천군,(자율고),1.9,257,5,0,0,5,0,0
충남,서천군,소계,0.6,3953,25,0,3,22,0,0
충남,청양군,초등학교,0.2,957,2,2,0,0,0,0
충남,청양군,중학교,0,463,0,0,0,0,0,0
충남,청양군,고등학교,1.4,621,9,0,0,9,0,0
충남,청양군,(일반고),1.4,621,9,0,0,9,0,0
충남,청양군,소계,0.5,2041,11,2,0,9,0,0
충남,홍성군,초등학교,0.2,5628,9,4,5,0,0,0
충남,홍성군,중학교,0.3,2629,7,6,1,0,0,0
충남,홍성군,고등학교,1,2678,27,0,0,26,1,0
충남,홍성군,(일반고),0.9,2393,22,0,0,21,1,0
충남,홍성군,(특성화고),1.8,285,5,0,0,5,0,0
충남,홍성군,소계,0.4,10935,43,10,6,26,1,0
충남,예산군,초등학교,0.1,2855,4,3,1,0,0,0
충남,예산군,중학교,0.2,1778,4,4,0,0,0,0
충남,예산군,고등학교,0.9,2320,22,0,0,19,3,0
충남,예산군,(일반고),0.5,1409,7,0,0,7,0,0
충남,예산군,(특성화고),2,645,13,0,0,11,2,0
충남,예산군,(자율고),0.8,266,2,0,0,1,1,0
충남,예산군,소계,0.4,6953,30,7,1,19,3,0
충남,태안군,초등학교,0.4,2285,8,2,6,0,0,0
충남,태안군,중학교,0.2,1246,3,1,2,0,0,0
충남,태안군,고등학교,1.5,1239,19,0,0,19,0,0
충남,태안군,(일반고),1.5,1239,19,0,0,19,0,0
충남,태안군,소계,0.6,4770,30,3,8,19,0,0
충남,당진시,초등학교,0.2,10530,16,5,11,0,0,0
충남,당진시,중학교,0.7,4498,31,31,0,0,0,0
충남,당진시,고등학교,1.6,3732,61,0,0,60,1,0
충남,당진시,(일반고),0.9,2817,24,0,0,24,0,0
충남,당진시,(특목고),1.1,277,3,0,0,3,0,0
충남,당진시,(특성화고),5.3,638,34,0,0,33,1,0
충남,당진시,소계,0.6,18760,108,36,11,60,1,0
충남,소계,초등학교,0.3,120115,411,174,237,0,0,0
충남,소계,중학교,0.4,57541,228,189,39,0,0,0
충남,소계,고등학교,1.3,57791,768,2,0,744,22,0
충남,소계,(일반고),1,40178,396,2,0,387,7,0
충남,소계,(특목고),1.6,2383,37,0,0,36,1,0
충남,소계,(특성화고),2.9,10077,293,0,0,280,13,0
충남,소계,(자율고),0.8,5153,42,0,0,41,1,0
충남,소계,소계,0.6,235447,1407,365,276,744,22,0
전북,전주시,초등학교,0.2,39321,68,26,42,0,0,0
전북,전주시,중학교,0.3,19850,60,49,11,0,0,0
전북,전주시,고등학교,1,21982,212,1,0,206,4,1
전북,전주시,(일반고),1,18555,180,1,0,174,4,1
전북,전주시,(특성화고),1,2338,24,0,0,24,0,0
전북,전주시,(자율고),0.7,1089,8,0,0,8,0,0
전북,전주시,소계,0.4,81153,340,76,53,206,4,1
전북,군산시,초등학교,0.1,15515,11,5,6,0,0,0
전북,군산시,중학교,0.3,7443,21,21,0,0,0,0
전북,군산시,고등학교,1.1,7250,77,2,0,75,0,0
전북,군산시,(일반고),0.7,5411,38,0,0,38,0,0
전북,군산시,(특목고),1.4,883,12,0,0,12,0,0
전북,군산시,(특성화고),2.8,956,27,2,0,25,0,0
전북,군산시,소계,0.4,30208,109,28,6,75,0,0
전북,익산시,초등학교,0.1,14602,15,6,9,0,0,0
전북,익산시,중학교,0.3,7765,23,21,2,0,0,0
전북,익산시,고등학교,1,9015,87,0,0,87,0,0
전북,익산시,(일반고),1,7123,70,0,0,70,0,0
전북,익산시,(특목고),0.3,918,3,0,0,3,0,0
전북,익산시,(특성화고),1.4,974,14,0,0,14,0,0
전북,익산시,소계,0.4,31382,125,27,11,87,0,0
전북,정읍시,초등학교,0.1,4871,5,2,3,0,0,0
전북,정읍시,중학교,0.2,2757,5,5,0,0,0,0
전북,정읍시,고등학교,1.3,3057,41,0,0,41,0,0
전북,정읍시,(일반고),1.2,2531,31,0,0,31,0,0
전북,정읍시,(특성화고),1.9,526,10,0,0,10,0,0
전북,정읍시,소계,0.5,10685,51,7,3,41,0,0
전북,남원시,초등학교,0,3696,1,1,0,0,0,0
전북,남원시,중학교,0.3,1989,6,6,0,0,0,0
전북,남원시,고등학교,1.4,2154,30,0,2,18,0,10
전북,남원시,(일반고),0.7,1645,11,0,0,11,0,0
전북,남원시,(특목고),0,100,0,0,0,0,0,0
전북,남원시,(특성화고),4.6,409,19,0,2,7,0,10
전북,남원시,소계,0.5,7839,37,7,2,18,0,10
전북,김제시,초등학교,0,3423,0,0,0,0,0,0
전북,김제시,중학교,0.3,1720,5,2,3,0,0,0
전북,김제시,고등학교,2.2,1941,42,0,0,40,2,0
전북,김제시,(일반고),2.1,1122,24,0,0,22,2,0
전북,김제시,(특목고),0.4,248,1,0,0,1,0,0
전북,김제시,(특성화고),3,571,17,0,0,17,0,0
전북,김제시,소계,0.7,7084,47,2,3,40,2,0
전북,완주군,초등학교,0.4,4718,19,10,9,0,0,0
전북,완주군,중학교,0.4,2596,10,8,2,0,0,0
전북,완주군,고등학교,2.1,2117,44,0,0,43,1,0
전북,완주군,(일반고),2,687,14,0,0,13,1,0
전북,완주군,(특목고),2,666,13,0,0,13,0,0
전북,완주군,(특성화고),2.2,764,17,0,0,17,0,0
전북,완주군,소계,0.8,9431,73,18,11,43,1,0
전북,진안군,초등학교,0,843,0,0,0,0,0,0
전북,진안군,중학교,0.3,393,1,1,0,0,0,0
전북,진안군,고등학교,1.2,577,7,0,0,7,0,0
전북,진안군,(일반고),0.5,211,1,0,0,1,0,0
전북,진안군,(특성화고),1.6,366,6,0,0,6,0,0
전북,진안군,소계,0.4,1813,8,1,0,7,0,0
전북,무주군,초등학교,0.4,935,4,2,2,0,0,0
전북,무주군,중학교,0,528,0,0,0,0,0,0
전북,무주군,고등학교,1.3,543,7,0,0,7,0,0
전북,무주군,(일반고),0.4,449,2,0,0,2,0,0
전북,무주군,(특성화고),5.3,94,5,0,0,5,0,0
전북,무주군,소계,0.5,2006,11,2,2,7,0,0
전북,장수군,초등학교,0.1,914,1,1,0,0,0,0
전북,장수군,중학교,0,441,0,0,0,0,0,0
전북,장수군,고등학교,0,428,0,0,0,0,0,0
전북,장수군,(일반고),0,337,0,0,0,0,0,0
전북,장수군,(특성화고),0,91,0,0,0,0,0,0
전북,장수군,소계,0.1,1783,1,1,0,0,0,0
전북,임실군,초등학교,0.1,952,1,1,0,0,0,0
전북,임실군,중학교,0.2,409,1,1,0,0,0,0
전북,임실군,고등학교,0.3,347,1,0,0,1,0,0
전북,임실군,(일반고),0,199,0,0,0,0,0,0
전북,임실군,(특성화고),0.7,148,1,0,0,1,0,0
전북,임실군,소계,0.2,1708,3,2,0,1,0,0
전북,순창군,초등학교,0.2,1025,2,1,1,0,0,0
전북,순창군,중학교,0,622,0,0,0,0,0,0
전북,순창군,고등학교,0.5,613,3,0,0,3,0,0
전북,순창군,(일반고),0.5,613,3,0,0,3,0,0
전북,순창군,소계,0.2,2260,5,1,1,3,0,0
전북,고창군,초등학교,0,2018,0,0,0,0,0,0
전북,고창군,중학교,0.3,1322,4,4,0,0,0,0
전북,고창군,고등학교,1.6,1738,28,1,0,27,0,0
전북,고창군,(일반고),1.7,1203,21,1,0,20,0,0
전북,고창군,(특성화고),1.3,535,7,0,0,7,0,0
전북,고창군,소계,0.6,5078,32,5,0,27,0,0
전북,부안군,초등학교,0.2,1828,4,1,3,0,0,0
전북,부안군,중학교,0.1,1038,1,1,0,0,0,0
전북,부안군,고등학교,1.2,1170,14,0,0,14,0,0
전북,부안군,(일반고),0.7,964,7,0,0,7,0,0
전북,부안군,(특성화고),3.4,206,7,0,0,7,0,0
전북,부안군,소계,0.5,4036,19,2,3,14,0,0
전북,소계,초등학교,0.1,94661,131,56,75,0,0,0
전북,소계,중학교,0.3,48873,137,119,18,0,0,0
전북,소계,고등학교,1.1,52932,593,4,2,569,7,11
전북,소계,(일반고),1,41050,402,2,0,392,7,1
전북,소계,(특목고),1,2815,29,0,0,29,0,0
전북,소계,(특성화고),1.9,7978,154,2,2,140,0,10
전북,소계,(자율고),0.7,1089,8,0,0,8,0,0
전북,소계,소계,0.4,196466,861,179,95,569,7,11
전남,목포시,초등학교,0.2,15553,30,22,8,0,0,0
전남,목포시,중학교,0.3,7404,21,19,2,0,0,0
전남,목포시,고등학교,1.1,7370,80,0,0,76,4,0
전남,목포시,(일반고),0.5,5154,27,0,0,27,0,0
전남,목포시,(특성화고),2.9,1705,50,0,0,46,4,0
전남,목포시,(자율고),0.6,511,3,0,0,3,0,0
전남,목포시,소계,0.4,30327,131,41,10,76,4,0
전남,여수시,초등학교,0.3,14424,39,27,12,0,0,0
전남,여수시,중학교,0.3,7244,19,13,6,0,0,0
전남,여수시,고등학교,1.1,7692,85,1,0,81,2,1
전남,여수시,(일반고),0.8,4609,37,1,0,36,0,0
전남,여수시,(특목고),0,296,0,0,0,0,0,0
전남,여수시,(특성화고),2.2,2152,48,0,0,45,2,1
전남,여수시,(자율고),0,635,0,0,0,0,0,0
전남,여수시,소계,0.5,29360,143,41,18,81,2,1
전남,순천시,초등학교,0.2,16649,34,26,8,0,0,0
전남,순천시,중학교,0.3,8513,27,26,1,0,0,0
전남,순천시,고등학교,0.8,9112,75,0,0,75,0,0
전남,순천시,(일반고),0.9,5846,52,0,0,52,0,0
전남,순천시,(특목고),1.2,84,1,0,0,1,0,0
전남,순천시,(특성화고),0.8,2448,20,0,0,20,0,0
전남,순천시,(자율고),0.3,734,2,0,0,2,0,0
전남,순천시,소계,0.4,34274,136,52,9,75,0,0
전남,나주시,초등학교,0.5,6058,32,9,23,0,0,0
전남,나주시,중학교,0.4,2526,10,7,3,0,0,0
전남,나주시,고등학교,1.4,3286,45,0,0,44,1,0
전남,나주시,(일반고),1.9,1164,22,0,0,21,1,0
전남,나주시,(특목고),0.3,604,2,0,0,2,0,0
전남,나주시,(특성화고),1.6,1096,18,0,0,18,0,0
전남,나주시,(자율고),0.7,422,3,0,0,3,0,0
전남,나주시,소계,0.7,11870,87,16,26,44,1,0
전남,광양시,초등학교,0.2,9221,21,11,10,0,0,0
전남,광양시,중학교,0.3,4374,14,6,8,0,0,0
전남,광양시,고등학교,1,4239,42,0,0,42,0,0
전남,광양시,(일반고),0.8,2239,18,0,0,18,0,0
전남,광양시,(특목고),2.1,332,7,0,0,7,0,0
전남,광양시,(특성화고),2.4,377,9,0,0,9,0,0
전남,광양시,(자율고),0.6,1291,8,0,0,8,0,0
전남,광양시,소계,0.4,17834,77,17,18,42,0,0
전남,담양군,초등학교,0.7,1425,10,5,5,0,0,0
전남,담양군,중학교,0.4,697,3,2,1,0,0,0
전남,담양군,고등학교,1.8,1299,23,0,2,21,0,0
전남,담양군,(일반고),0.7,888,6,0,0,6,0,0
전남,담양군,(특성화고),4.1,411,17,0,2,15,0,0
전남,담양군,소계,1.1,3421,36,7,8,21,0,0
전남,곡성군,초등학교,0,883,0,0,0,0,0,0
전남,곡성군,중학교,0,467,0,0,0,0,0,0
전남,곡성군,고등학교,2.2,773,17,0,0,17,0,0
전남,곡성군,(일반고),0.9,528,5,0,0,5,0,0
전남,곡성군,(특성화고),4.9,245,12,0,0,12,0,0
전남,곡성군,소계,0.8,2123,17,0,0,17,0,0
전남,구례군,초등학교,0.1,908,1,1,0,0,0,0
전남,구례군,중학교,0,492,0,0,0,0,0,0
전남,구례군,고등학교,1.7,414,7,0,0,7,0,0
전남,구례군,(일반고),1.2,255,3,0,0,3,0,0
전남,구례군,(특성화고),2.5,159,4,0,0,4,0,0
전남,구례군,소계,0.4,1814,8,1,0,7,0,0
전남,고흥군,초등학교,0.2,1800,3,1,2,0,0,0
전남,고흥군,중학교,0.1,1091,1,1,0,0,0,0
전남,고흥군,고등학교,2.2,1062,23,0,0,23,0,0
전남,고흥군,(일반고),0.2,653,1,0,0,1,0,0
전남,고흥군,(특성화고),5.4,409,22,0,0,22,0,0
전남,고흥군,소계,0.7,3953,27,2,2,23,0,0
전남,보성군,초등학교,0.2,1245,3,2,1,0,0,0
전남,보성군,중학교,0.2,809,2,1,1,0,0,0
전남,보성군,고등학교,2.8,969,27,0,0,27,0,0
전남,보성군,(일반고),1.8,721,13,0,0,13,0,0
전남,보성군,(특성화고),5.6,248,14,0,0,14,0,0
전남,보성군,소계,1.1,3023,32,3,2,27,0,0
전남,화순군,초등학교,0.3,2649,8,4,4,0,0,0
전남,화순군,중학교,0.3,1498,5,5,0,0,0,0
전남,화순군,고등학교,1.5,1683,25,0,0,22,3,0
전남,화순군,(일반고),0.9,1311,12,0,0,12,0,0
전남,화순군,(특성화고),3.5,372,13,0,0,10,3,0
전남,화순군,소계,0.7,5830,38,9,4,22,3,0
전남,장흥군,초등학교,0,1397,0,0,0,0,0,0
전남,장흥군,중학교,0.4,757,3,2,1,0,0,0
전남,장흥군,고등학교,1.8,671,12,0,0,12,0,0
전남,장흥군,(일반고),1.3,447,6,0,0,6,0,0
전남,장흥군,(특성화고),2.7,224,6,0,0,6,0,0
전남,장흥군,소계,0.5,2825,15,2,1,12,0,0
전남,강진군,초등학교,0.2,1259,2,0,2,0,0,0
전남,강진군,중학교,0.3,781,2,2,0,0,0,0
전남,강진군,고등학교,1.1,735,8,0,0,8,0,0
전남,강진군,(일반고),1.4,421,6,0,0,6,0,0
전남,강진군,(특목고),0.8,251,2,0,0,2,0,0
전남,강진군,(특성화고),0,63,0,0,0,0,0,0
전남,강진군,소계,0.4,2775,12,2,2,8,0,0
전남,해남군,초등학교,0.2,2684,5,0,5,0,0,0
전남,해남군,중학교,0.1,1403,1,1,0,0,0,0
전남,해남군,고등학교,1.4,1243,18,0,0,18,0,0
전남,해남군,(일반고),0.5,205,1,0,0,1,0,0
전남,해남군,(특성화고),2.1,427,9,0,0,9,0,0
전남,해남군,(자율고),1.3,611,8,0,0,8,0,0
전남,해남군,소계,0.5,5330,24,1,5,18,0,0
전남,영암군,초등학교,0.4,2474,9,4,5,0,0,0
전남,영암군,중학교,0.3,1174,3,3,0,0,0,0
전남,영암군,고등학교,1.4,1168,16,1,0,14,1,0
전남,영암군,(일반고),0.8,969,8,1,0,7,0,0
전남,영암군,(특성화고),4,199,8,0,0,7,1,0
전남,영암군,소계,0.6,4816,28,8,5,14,1,0
전남,무안군,초등학교,0,4648,1,1,0,0,0,0
전남,무안군,중학교,0.2,2148,4,2,2,0,0,0
전남,무안군,고등학교,1.6,2154,35,0,0,35,0,0
전남,무안군,(일반고),1.6,867,14,0,0,14,0,0
전남,무안군,(특목고),1.8,622,11,0,0,11,0,0
전남,무안군,(자율고),1.5,665,10,0,0,10,0,0
전남,무안군,소계,0.4,8950,40,3,2,35,0,0
전남,함평군,초등학교,0.3,976,3,0,3,0,0,0
전남,함평군,중학교,0,588,0,0,0,0,0,0
전남,함평군,고등학교,1.5,891,13,0,0,11,2,0
전남,함평군,(일반고),1.1,609,7,0,0,5,2,0
전남,함평군,(특목고),2.2,93,2,0,0,2,0,0
전남,함평군,(특성화고),2.1,189,4,0,0,4,0,0
전남,함평군,소계,0.7,2455,16,0,3,11,2,0
전남,영광군,초등학교,0.3,2175,6,0,6,0,0,0
전남,영광군,중학교,0.6,1201,7,7,0,0,0,0
전남,영광군,고등학교,0.7,1336,9,0,0,9,0,0
전남,영광군,(일반고),0.2,846,2,0,0,2,0,0
전남,영광군,(특성화고),1.4,490,7,0,0,7,0,0
전남,영광군,소계,0.5,4712,22,7,6,9,0,0
전남,장성군,초등학교,0.2,1856,3,3,0,0,0,0
전남,장성군,중학교,0.1,871,1,1,0,0,0,0
전남,장성군,고등학교,1.6,1075,17,1,0,15,1,0
전남,장성군,(일반고),0.7,740,5,0,0,5,0,0
전남,장성군,(특성화고),3.6,335,12,1,0,10,1,0
전남,장성군,소계,0.6,3802,21,5,0,15,1,0
전남,완도군,초등학교,0.3,2034,6,6,0,0,0,0
전남,완도군,중학교,0.3,1007,3,1,2,0,0,0
전남,완도군,고등학교,0.6,928,6,0,0,6,0,0
전남,완도군,(일반고),0.9,688,6,0,0,6,0,0
전남,완도군,(특목고),0,240,0,0,0,0,0,0
전남,완도군,소계,0.4,3969,15,7,2,6,0,0
전남,진도군,초등학교,0,1124,0,0,0,0,0,0
전남,진도군,중학교,0,586,0,0,0,0,0,0
전남,진도군,고등학교,2.2,542,12,0,0,12,0,0
전남,진도군,(일반고),0.3,303,1,0,0,1,0,0
전남,진도군,(특목고),4.1,49,2,0,0,2,0,0
전남,진도군,(특성화고),4.7,190,9,0,0,9,0,0
전남,진도군,소계,0.5,2252,12,0,0,12,0,0
전남,신안군,초등학교,0.4,963,4,3,1,0,0,0
전남,신안군,중학교,0.2,419,1,1,0,0,0,0
전남,신안군,고등학교,1.3,470,6,0,0,6,0,0
전남,신안군,(일반고),1.2,343,4,0,0,4,0,0
전남,신안군,(특성화고),1.6,127,2,0,0,2,0,0
전남,신안군,소계,0.6,1852,11,4,1,6,0,0
전남,소계,초등학교,0.2,92405,220,125,95,0,0,0
전남,소계,중학교,0.3,46050,127,100,27,0,0,0
전남,소계,고등학교,1.2,49112,601,3,2,581,14,1
전남,소계,(일반고),0.9,29806,256,2,0,251,3,0
전남,소계,(특목고),1.1,2571,27,0,0,27,0,0
전남,소계,(특성화고),2.4,11866,284,1,2,269,11,1
전남,소계,(자율고),0.7,4869,34,0,0,34,0,0
전남,소계,소계,0.5,187567,948,228,124,581,14,1
경북,포항시,초등학교,0.2,27554,65,33,32,0,0,0
경북,포항시,중학교,0.2,13180,27,20,7,0,0,0
경북,포항시,고등학교,1.2,13094,151,1,0,149,1,0
경북,포항시,(일반고),1,9819,99,1,0,97,1,0
경북,포항시,(특목고),0.8,640,5,0,0,5,0,0
경북,포항시,(특성화고),2.8,1548,44,0,0,44,0,0
경북,포항시,(자율고),0.3,1087,3,0,0,3,0,0
경북,포항시,소계,0.5,53828,243,54,39,149,1,0
경북,경주시,초등학교,0.3,11482,40,3,37,0,0,0
경북,경주시,중학교,0.4,5788,21,16,5,0,0,0
경북,경주시,고등학교,1.6,6697,108,0,0,103,4,1
경북,경주시,(일반고),1,3902,38,0,0,38,0,0
경북,경주시,(특목고),10,60,6,0,0,6,0,0
경북,경주시,(특성화고),2.3,2735,64,0,0,59,4,1
경북,경주시,소계,0.7,23967,169,19,42,103,4,1
경북,김천시,초등학교,0.2,6776,15,6,9,0,0,0
경북,김천시,중학교,0,3047,1,0,1,0,0,0
경북,김천시,고등학교,1.4,3863,56,0,0,54,2,0
경북,김천시,(일반고),1.2,2088,26,0,0,26,0,0
경북,김천시,(특성화고),2.9,662,19,0,0,18,1,0
경북,김천시,(자율고),1,1113,11,0,0,10,1,0
경북,김천시,소계,0.5,13686,72,6,10,54,2,0
경북,안동시,초등학교,0.1,8267,10,3,7,0,0,0
경북,안동시,중학교,0.1,4489,6,6,0,0,0,0
경북,안동시,고등학교,0.9,4448,38,0,0,37,0,1
경북,안동시,(일반고),0.7,3259,24,0,0,23,0,1
경북,안동시,(특성화고),1.3,787,10,0,0,10,0,0
경북,안동시,(자율고),1,402,4,0,0,4,0,0
경북,안동시,소계,0.3,17204,54,9,7,37,0,1
경북,구미시,초등학교,0.2,27922,49,7,42,0,0,0
경북,구미시,중학교,0.4,13057,47,25,22,0,0,0
경북,구미시,고등학교,0.9,13424,123,0,0,121,2,0
경북,구미시,(일반고),0.9,9666,86,0,0,86,0,0
경북,구미시,(특목고),0.7,1757,12,0,0,11,1,0
경북,구미시,(특성화고),2.1,1162,24,0,0,23,1,0
경북,구미시,(자율고),0.1,839,1,0,0,1,0,0
경북,구미시,소계,0.4,54403,219,32,64,121,2,0
경북,영주시,초등학교,0.4,4743,18,8,10,0,0,0
경북,영주시,중학교,0.2,2482,6,4,2,0,0,0
경북,영주시,고등학교,0.9,3160,30,0,0,30,0,0
경북,영주시,(일반고),1.1,1822,20,0,0,20,0,0
경북,영주시,(특성화고),1.1,875,10,0,0,10,0,0
경북,영주시,(자율고),0,463,0,0,0,0,0,0
경북,영주시,소계,0.5,10385,54,12,12,30,0,0
경북,영천시,초등학교,0.1,3458,5,3,2,0,0,0
경북,영천시,중학교,0.2,1733,3,3,0,0,0,0
경북,영천시,고등학교,1.1,2169,24,0,0,24,0,0
경북,영천시,(일반고),1,1625,17,0,0,17,0,0
경북,영천시,(특목고),0.6,170,1,0,0,1,0,0
경북,영천시,(특성화고),1.6,374,6,0,0,6,0,0
경북,영천시,소계,0.4,7360,32,6,2,24,0,0
경북,상주시,초등학교,0.3,3787,11,1,10,0,0,0
경북,상주시,중학교,0.4,2036,8,7,1,0,0,0
경북,상주시,고등학교,1.8,2605,48,0,0,47,1,0
경북,상주시,(일반고),0.2,1072,2,0,0,2,0,0
경북,상주시,(특성화고),3.8,1169,44,0,0,43,1,0
경북,상주시,(자율고),0.5,364,2,0,0,2,0,0
경북,상주시,소계,0.8,8428,67,8,11,47,1,0
경북,문경시,초등학교,0.3,2791,7,1,6,0,0,0
경북,문경시,중학교,0.7,1394,10,9,1,0,0,0
경북,문경시,고등학교,0.9,1570,14,0,0,10,4,0
경북,문경시,(일반고),0.7,820,6,0,0,5,1,0
경북,문경시,(특성화고),1.8,398,7,0,0,4,3,0
경북,문경시,(자율고),0.3,352,1,0,0,1,0,0
경북,문경시,소계,0.5,5755,31,10,7,10,4,0
경북,경산시,초등학교,0.3,13342,35,10,25,0,0,0
경북,경산시,중학교,0.3,5897,20,15,5,0,0,0
경북,경산시,고등학교,0.8,5866,49,0,0,49,0,0
경북,경산시,(일반고),0.5,3967,20,0,0,20,0,0
경북,경산시,(특목고),1.9,372,7,0,0,7,0,0
경북,경산시,(특성화고),2.1,758,16,0,0,16,0,0
경북,경산시,(자율고),0.8,769,6,0,0,6,0,0
경북,경산시,소계,0.4,25105,104,25,30,49,0,0
경북,군위군,초등학교,0,494,0,0,0,0,0,0
경북,군위군,중학교,0,264,0,0,0,0,0,0
경북,군위군,고등학교,0,289,0,0,0,0,0,0
경북,군위군,(일반고),0,275,0,0,0,0,0,0
경북,군위군,(특성화고),0,14,0,0,0,0,0,0
경북,군위군,소계,0,1047,0,0,0,0,0,0
경북,의성군,초등학교,0.3,1092,3,2,1,0,0,0
경북,의성군,중학교,0.2,617,1,0,1,0,0,0
경북,의성군,고등학교,2.4,632,15,0,0,15,0,0
경북,의성군,(일반고),1.5,479,7,0,0,7,0,0
경북,의성군,(특성화고),5.2,153,8,0,0,8,0,0
경북,의성군,소계,0.8,2341,19,2,2,15,0,0
경북,청송군,초등학교,0.3,611,2,0,2,0,0,0
경북,청송군,중학교,0,379,0,0,0,0,0,0
경북,청송군,고등학교,2.4,250,6,0,0,1,0,5
경북,청송군,(일반고),0.5,222,1,0,0,1,0,0
경북,청송군,(특성화고),17.9,28,5,0,0,0,0,5
경북,청송군,소계,0.6,1240,8,0,2,1,0,5
경북,영양군,초등학교,0.4,490,2,0,2,0,0,0
경북,영양군,중학교,0,257,0,0,0,0,0,0
경북,영양군,고등학교,3.7,301,11,0,0,11,0,0
경북,영양군,(일반고),3.7,301,11,0,0,11,0,0
경북,영양군,소계,1.2,1048,13,0,2,11,0,0
경북,영덕군,초등학교,0.2,1062,2,1,1,0,0,0
경북,영덕군,중학교,0.2,623,1,1,0,0,0,0
경북,영덕군,고등학교,1.5,548,8,0,0,8,0,0
경북,영덕군,(일반고),0.8,506,4,0,0,4,0,0
경북,영덕군,(특성화고),9.5,42,4,0,0,4,0,0
경북,영덕군,소계,0.5,2233,11,2,1,8,0,0
경북,청도군,초등학교,0.1,1048,1,1,0,0,0,0
경북,청도군,중학교,0.3,639,2,1,1,0,0,0
경북,청도군,고등학교,1.7,1267,21,0,0,21,0,0
경북,청도군,(일반고),1.3,1071,14,0,0,14,0,0
경북,청도군,(특성화고),3.6,196,7,0,0,7,0,0
경북,청도군,소계,0.8,2954,24,2,1,21,0,0
경북,고령군,초등학교,0.2,1055,2,1,1,0,0,0
경북,고령군,중학교,0,580,0,0,0,0,0,0
경북,고령군,고등학교,0.9,422,4,0,0,4,0,0
경북,고령군,(일반고),0.7,290,2,0,0,2,0,0
경북,고령군,(특성화고),1.5,132,2,0,0,2,0,0
경북,고령군,소계,0.3,2057,6,1,1,4,0,0
경북,성주군,초등학교,0.1,1157,1,0,1,0,0,0
경북,성주군,중학교,0.2,606,1,1,0,0,0,0
경북,성주군,고등학교,1.2,759,9,0,0,9,0,0
경북,성주군,(일반고),0.4,570,2,0,0,2,0,0
경북,성주군,(특성화고),3.7,189,7,0,0,7,0,0
경북,성주군,소계,0.4,2522,11,1,1,9,0,0
경북,칠곡군,초등학교,0.1,6824,10,0,10,0,0,0
경북,칠곡군,중학교,0.4,3209,12,8,4,0,0,0
경북,칠곡군,고등학교,0.7,2745,20,0,0,20,0,0
경북,칠곡군,(일반고),0.8,1949,16,0,0,16,0,0
경북,칠곡군,(특성화고),1.4,216,3,0,0,3,0,0
경북,칠곡군,(자율고),0.2,580,1,0,0,1,0,0
경북,칠곡군,소계,0.3,12778,42,8,14,20,0,0
경북,예천군,초등학교,0.1,2088,3,3,0,0,0,0
경북,예천군,중학교,0.2,558,1,1,0,0,0,0
경북,예천군,고등학교,0.9,997,9,0,0,9,0,0
경북,예천군,(일반고),0.9,997,9,0,0,9,0,0
경북,예천군,소계,0.4,3643,13,4,0,9,0,0
경북,봉화군,초등학교,0,896,0,0,0,0,0,0
경북,봉화군,중학교,0.8,473,4,3,1,0,0,0
경북,봉화군,고등학교,1.7,517,9,0,0,9,0,0
경북,봉화군,(특성화고),1.6,251,4,0,0,4,0,0
경북,봉화군,(자율고),1.9,266,5,0,0,5,0,0
경북,봉화군,소계,0.7,1886,13,3,1,9,0,0
경북,울진군,초등학교,0.3,1859,5,0,5,0,0,0
경북,울진군,중학교,0.2,1059,2,2,0,0,0,0
경북,울진군,고등학교,1.1,1215,13,0,0,13,0,0
경북,울진군,(일반고),1.2,508,6,0,0,6,0,0
경북,울진군,(특목고),0,231,0,0,0,0,0,0
경북,울진군,(특성화고),1.5,66,1,0,0,1,0,0
경북,울진군,(자율고),1.5,410,6,0,0,6,0,0
경북,울진군,소계,0.5,4133,20,2,5,13,0,0
경북,울릉군,초등학교,0,281,0,0,0,0,0,0
경북,울릉군,중학교,0.8,132,1,0,1,0,0,0
경북,울릉군,고등학교,3.3,61,2,0,0,2,0,0
경북,울릉군,(특성화고),3.3,61,2,0,0,2,0,0
경북,울릉군,소계,0.6,474,3,0,1,2,0,0
경북,소계,초등학교,0.2,129079,286,83,203,0,0,0
경북,소계,중학교,0.3,62499,174,122,52,0,0,0
경북,소계,고등학교,1.1,66899,768,1,0,746,14,7
경북,소계,(일반고),0.9,45208,410,1,0,406,2,1
경북,소계,(특목고),1,3230,31,0,0,30,1,0
경북,소계,(특성화고),2.4,11816,287,0,0,271,10,6
경북,소계,(자율고),0.6,6645,40,0,0,39,1,0
경북,소계,소계,0.5,258477,1228,206,255,746,14,7
경남,창원시,초등학교,0.2,58402,132,48,84,0,0,0
경남,창원시,중학교,0.2,28084,62,47,15,0,0,0
경남,창원시,고등학교,0.9,27135,238,1,0,234,3,0
경남,창원시,(일반고),0.7,21322,149,1,0,147,1,0
경남,창원시,(특목고),0.9,211,2,0,0,2,0,0
경남,창원시,(특성화고),1.8,3746,66,0,0,64,2,0
경남,창원시,(자율고),1.1,1856,21,0,0,21,0,0
경남,창원시,소계,0.4,113621,432,96,99,234,3,0
경남,진주시,초등학교,0.3,20126,55,21,34,0,0,0
경남,진주시,중학교,0.2,9912,21,18,3,0,0,0
경남,진주시,고등학교,1.3,10495,140,1,0,134,5,0
경남,진주시,(일반고),1.1,6353,70,1,0,68,1,0
경남,진주시,(특목고),1.3,785,10,0,0,10,0,0
경남,진주시,(특성화고),2.6,2145,55,0,0,51,4,0
경남,진주시,(자율고),0.4,1212,5,0,0,5,0,0
경남,진주시,소계,0.5,40533,216,40,37,134,5,0
경남,통영시,초등학교,0.1,8075,9,3,6,0,0,0
경남,통영시,중학교,0.2,3627,8,7,1,0,0,0
경남,통영시,고등학교,0.9,3297,30,0,0,27,3,0
경남,통영시,(일반고),0.9,3297,30,0,0,27,3,0
경남,통영시,소계,0.3,14999,47,10,7,27,3,0
경남,사천시,초등학교,0.2,6145,10,7,3,0,0,0
경남,사천시,중학교,0.3,2935,10,7,3,0,0,0
경남,사천시,고등학교,1,2761,27,0,0,27,0,0
경남,사천시,(일반고),0.9,2042,19,0,0,19,0,0
경남,사천시,(특목고),1,293,3,0,0,3,0,0
경남,사천시,(특성화고),1.2,426,5,0,0,5,0,0
경남,사천시,소계,0.4,11841,47,14,6,27,0,0
경남,김해시,초등학교,0.2,35472,55,15,40,0,0,0
경남,김해시,중학교,0.3,17559,48,32,16,0,0,0
경남,김해시,고등학교,1,15646,158,1,0,157,0,0
경남,김해시,(일반고),0.8,11418,95,0,0,95,0,0
경남,김해시,(특목고),1.1,376,4,0,0,4,0,0
경남,김해시,(특성화고),2.3,1933,44,1,0,43,0,0
경남,김해시,(자율고),0.8,1919,15,0,0,15,0,0
경남,김해시,소계,0.4,68677,261,48,56,157,0,0
경남,밀양시,초등학교,0.2,4053,8,6,2,0,0,0
경남,밀양시,중학교,0.3,2185,7,7,0,0,0,0
경남,밀양시,고등학교,0.9,2436,22,0,0,22,0,0
경남,밀양시,(일반고),0.6,1998,12,0,0,12,0,0
경남,밀양시,(특목고),3.4,207,7,0,0,7,0,0
경남,밀양시,(특성화고),1.3,231,3,0,0,3,0,0
경남,밀양시,소계,0.4,8674,37,13,2,22,0,0
경남,거제시,초등학교,0.3,18620,52,27,25,0,0,0
경남,거제시,중학교,0.2,7829,18,12,6,0,0,0
경남,거제시,고등학교,0.9,7335,64,0,0,64,0,0
경남,거제시,(일반고),0.6,5545,32,0,0,32,0,0
경남,거제시,(특목고),1.7,467,8,0,0,8,0,0
경남,거제시,(특성화고),3.4,624,21,0,0,21,0,0
경남,거제시,(자율고),0.4,699,3,0,0,3,0,0
경남,거제시,소계,0.4,33784,134,39,31,64,0,0
경남,양산시,초등학교,0.2,22174,46,31,15,0,0,0
경남,양산시,중학교,0.3,9577,31,23,8,0,0,0
경남,양산시,고등학교,1.1,8892,102,1,0,101,0,0
경남,양산시,(일반고),1.1,7421,82,1,0,81,0,0
경남,양산시,(특목고),1.7,591,10,0,0,10,0,0
경남,양산시,(자율고),1.1,880,10,0,0,10,0,0
경남,양산시,소계,0.4,40643,179,55,23,101,0,0
경남,의령군,초등학교,0.1,723,1,0,1,0,0,0
경남,의령군,중학교,0.3,392,1,0,1,0,0,0
경남,의령군,고등학교,1.7,417,7,0,0,7,0,0
경남,의령군,(일반고),1.6,382,6,0,0,6,0,0
경남,의령군,(특성화고),2.9,35,1,0,0,1,0,0
경남,의령군,소계,0.6,1532,9,0,2,7,0,0
경남,함안군,초등학교,0.1,3486,3,1,2,0,0,0
경남,함안군,중학교,0.1,1748,2,1,1,0,0,0
경남,함안군,고등학교,1.1,1366,15,0,0,15,0,0
경남,함안군,(일반고),1,1238,12,0,0,12,0,0
경남,함안군,(특성화고),2.3,128,3,0,0,3,0,0
경남,함안군,소계,0.3,6600,20,2,3,15,0,0
경남,창녕군,초등학교,0.2,2255,4,4,0,0,0,0
경남,창녕군,중학교,0.1,1117,1,1,0,0,0,0
경남,창녕군,고등학교,1.3,1564,20,0,0,20,0,0
경남,창녕군,(일반고),0.9,1250,11,0,0,11,0,0
경남,창녕군,(특성화고),2.9,314,9,0,0,9,0,0
경남,창녕군,소계,0.5,4936,25,5,0,20,0,0
경남,고성군,초등학교,0.2,2157,4,4,0,0,0,0
경남,고성군,중학교,0.3,1049,3,2,1,0,0,0
경남,고성군,고등학교,1.5,1440,21,0,0,19,2,0
경남,고성군,(일반고),1.7,982,17,0,0,15,2,0
경남,고성군,(특성화고),0.9,458,4,0,0,4,0,0
경남,고성군,소계,0.6,4646,28,6,1,19,2,0
경남,남해군,초등학교,0.4,1247,5,3,2,0,0,0
경남,남해군,중학교,0.1,790,1,1,0,0,0,0
경남,남해군,고등학교,1.7,1164,20,0,0,19,0,1
경남,남해군,(일반고),1.6,1036,17,0,0,16,0,1
경남,남해군,(특성화고),2.3,128,3,0,0,3,0,0
경남,남해군,소계,0.8,3201,26,4,2,19,0,1
경남,하동군,초등학교,0.4,1404,6,1,5,0,0,0
경남,하동군,중학교,0.4,795,3,3,0,0,0,0
경남,하동군,고등학교,0.8,656,5,0,0,4,1,0
경남,하동군,(일반고),0.8,656,5,0,0,4,1,0
경남,하동군,소계,0.5,2855,14,4,5,4,1,0
경남,산청군,초등학교,0.6,972,6,5,1,0,0,0
경남,산청군,중학교,0.3,588,2,2,0,0,0,0
경남,산청군,고등학교,1.9,837,16,0,0,16,0,0
경남,산청군,(일반고),1.5,529,8,0,0,8,0,0
경남,산청군,(특성화고),2.6,308,8,0,0,8,0,0
경남,산청군,소계,1,2397,24,7,1,16,0,0
경남,함양군,초등학교,0.1,1426,2,2,0,0,0,0
경남,함양군,중학교,0.4,801,3,3,0,0,0,0
경남,함양군,고등학교,0.7,736,5,1,0,4,0,0
경남,함양군,(일반고),0.5,443,2,0,0,2,0,0
경남,함양군,(특성화고),1,293,3,1,0,2,0,0
경남,함양군,소계,0.3,2963,10,6,0,4,0,0
경남,거창군,초등학교,0.2,2941,6,2,4,0,0,0
경남,거창군,중학교,0.2,1488,3,2,1,0,0,0
경남,거창군,고등학교,0.9,2136,19,0,0,19,0,0
경남,거창군,(일반고),0.9,2064,18,0,0,18,0,0
경남,거창군,(특성화고),1.4,72,1,0,0,1,0,0
경남,거창군,소계,0.4,6565,28,4,5,19,0,0
경남,합천군,초등학교,0.6,1171,7,4,3,0,0,0
경남,합천군,중학교,0.6,688,4,2,2,0,0,0
경남,합천군,고등학교,1.5,713,11,0,0,11,0,0
경남,합천군,(일반고),0.7,543,4,0,0,4,0,0
경남,합천군,(특성화고),4.1,170,7,0,0,7,0,0
경남,합천군,소계,0.9,2572,22,6,5,11,0,0
경남,소계,초등학교,0.2,190849,411,184,227,0,0,0
경남,소계,중학교,0.3,91164,228,170,58,0,0,0
경남,소계,고등학교,1,89026,920,5,0,900,14,1
경남,소계,(일반고),0.9,68519,589,3,0,577,8,1
경남,소계,(특목고),1.5,2930,44,0,0,44,0,0
경남,소계,(특성화고),2.1,11011,233,2,0,225,6,0
경남,소계,(자율고),0.8,6566,54,0,0,54,0,0
경남,소계,소계,0.4,371039,1559,359,285,900,14,1
제주,제주시,초등학교,0.3,31087,80,49,31,0,0,0
제주,제주시,중학교,0.3,15011,47,41,6,0,0,0
제주,제주시,고등학교,0.8,14495,119,1,0,117,1,0
제주,제주시,(일반고),0.8,11807,98,1,0,96,1,0
제주,제주시,(특목고),0.8,382,3,0,0,3,0,0
제주,제주시,(특성화고),0.8,2306,18,0,0,18,0,0
제주,제주시,소계,0.4,60593,246,91,37,117,1,0
제주,서귀포시,초등학교,0.3,9488,26,15,11,0,0,0
제주,서귀포시,중학교,0.5,4457,23,18,5,0,0,0
제주,서귀포시,고등학교,1.1,4184,45,0,0,44,1,0
제주,서귀포시,(일반고),0.7,3414,25,0,0,25,0,0
제주,서귀포시,(특성화고),2.6,770,20,0,0,19,1,0
제주,서귀포시,소계,0.5,18129,94,33,16,44,1,0
제주,소계,초등학교,0.3,40575,106,64,42,0,0,0
제주,소계,중학교,0.4,19468,70,59,11,0,0,0
제주,소계,고등학교,0.9,18679,164,1,0,161,2,0
제주,소계,(일반고),0.8,15221,123,1,0,121,1,0
제주,소계,(특목고),0.8,382,3,0,0,3,0,0
제주,소계,(특성화고),1.2,3076,38,0,0,37,1,0
제주,소계,소계,0.4,78722,340,124,53,161,2,0
,,,,,,,,,,
,,,,,,,,,,
주석,,,,,,,,,,
1. 출처: 한국교육개발원 교육통계서비스(kess.kedi.re.kr),,,,,,,,,,
